{"name": "DISTRIBUTION OF TOP 1000 PLAYERS ACCORDING TO NATIONALITY", "children": [{"name": "Europe", "children": [{"name": "Portugal", "children": [{"name": "Cristiano Ronaldo", "size": 94}, {"name": "Pepe", "size": 86}, {"name": "Bernardo Silva", "size": 84}, {"name": "Rui Patr\u00edcio", "size": 83}, {"name": "Adrien Silva", "size": 83}, {"name": "Jo\u00e3o M\u00e1rio", "size": 83}, {"name": "Quaresma", "size": 83}, {"name": "Nani", "size": 83}, {"name": "A. Lopes", "size": 83}, {"name": "Danilo Pereira", "size": 83}, {"name": "William Carvalho", "size": 83}, {"name": "Jo\u00e3o Moutinho", "size": 82}, {"name": "Andr\u00e9 Gomes", "size": 82}, {"name": "Pizzi", "size": 82}, {"name": "Bruma", "size": 81}, {"name": "N\u00e9lson Semedo", "size": 81}, {"name": "Gelson Martins", "size": 81}, {"name": "R. Guerreiro", "size": 81}, {"name": "Daniel Carri\u00e7o", "size": 80}, {"name": "Manuel Fernandes", "size": 80}, {"name": "Ricardo Pereira", "size": 80}, {"name": "Antunes", "size": 79}, {"name": "Jos\u00e9 Fonte", "size": 79}, {"name": "C\u00e9dric", "size": 79}, {"name": "Jo\u00e3o Cancelo", "size": 79}, {"name": "Bruno Alves", "size": 78}, {"name": "Paulo Oliveira", "size": 78}, {"name": "Bruno Fernandes", "size": 78}, {"name": "Bruno Fernandes", "size": 78}, {"name": "Iuri Medeiros", "size": 78}, {"name": "Paulo Oliveira", "size": 78}, {"name": "Miguel Lopes", "size": 78}, {"name": "Marafona", "size": 78}, {"name": "Andr\u00e9 Silva", "size": 78}, {"name": "Andr\u00e9 Andr\u00e9", "size": 78}, {"name": "Rafa", "size": 78}, {"name": "Rafa", "size": 78}, {"name": "Andr\u00e9 Andr\u00e9", "size": 78}, {"name": "Hern\u00e2ni", "size": 78}, {"name": "Hern\u00e2ni", "size": 78}, {"name": "Pedro Santos", "size": 78}, {"name": "Pedro Santos", "size": 78}, {"name": "Eliseu", "size": 78}, {"name": "Vieirinha", "size": 77}, {"name": "Luisinho", "size": 77}, {"name": "Bruno Varela", "size": 77}, {"name": "Ricardo Ferreira", "size": 77}, {"name": "Lu\u00eds Neto", "size": 77}, {"name": "Rony Lopes", "size": 77}, {"name": "Bruno Gaspar", "size": 77}, {"name": "Diogo Jota", "size": 77}, {"name": "R\u00faben Neves", "size": 77}, {"name": "F\u00e1bio Coentr\u00e3o", "size": 77}, {"name": "M\u00e1rio Rui", "size": 77}, {"name": "Rui Fonte", "size": 77}, {"name": "Andr\u00e9 Pinto", "size": 77}, {"name": "Carlos Man\u00e9", "size": 76}, {"name": "H\u00e9lder Costa", "size": 76}, {"name": "Jo\u00e3o Pereira", "size": 76}, {"name": "Daniel Podence", "size": 76}, {"name": "Renato Sanches", "size": 76}, {"name": "Josu\u00e9 S\u00e1", "size": 76}, {"name": "Tarantini", "size": 76}, {"name": "Palhinha", "size": 76}, {"name": "Ricardo Horta", "size": 76}, {"name": "F\u00e1bio Martins", "size": 76}, {"name": "Jos\u00e9 S\u00e1", "size": 76}, {"name": "Wilson Eduardo", "size": 76}, {"name": "Gil Dias", "size": 76}, {"name": "\u00c9der", "size": 76}, {"name": "Beto", "size": 76}, {"name": "Andr\u00e9 Almeida", "size": 76}, {"name": "Andr\u00e9 Almeida", "size": 76}, {"name": "Nuno Pinto", "size": 75}, {"name": "Paulinho", "size": 75}, {"name": "Rafa Soares", "size": 75}, {"name": "Salvador Agra", "size": 75}, {"name": "Pedrinho", "size": 75}, {"name": "Frederico Ven\u00e2ncio", "size": 75}, {"name": "Eduardo", "size": 75}, {"name": "Jo\u00e3o Aur\u00e9lio", "size": 75}, {"name": "Ricardo", "size": 75}, {"name": "Rolando", "size": 75}, {"name": "Francisco Geraldes", "size": 75}, {"name": "Bruno Moreira", "size": 75}, {"name": "Andr\u00e9 Sim\u00f5es", "size": 75}, {"name": "Tiago Pinto", "size": 74}, {"name": "Beb\u00e9", "size": 74}]}, {"name": "Germany", "children": [{"name": "M. Neuer", "size": 92}, {"name": "T. Kroos", "size": 90}, {"name": "M. \u00d6zil", "size": 88}, {"name": "J. Boateng", "size": 88}, {"name": "M. Hummels", "size": 88}, {"name": "T. M\u00fcller", "size": 86}, {"name": "M. Reus", "size": 86}, {"name": "I. G\u00fcndo\u011fan", "size": 85}, {"name": "M. ter Stegen", "size": 85}, {"name": "B. Leno", "size": 85}, {"name": "S. Mustafi", "size": 84}, {"name": "T. Horn", "size": 84}, {"name": "J. Draxler", "size": 84}, {"name": "R. F\u00e4hrmann", "size": 84}, {"name": "S. Khedira", "size": 84}, {"name": "B. H\u00f6wedes", "size": 83}, {"name": "N. S\u00fcle", "size": 83}, {"name": "G. Castro", "size": 82}, {"name": "M. Kruse", "size": 82}, {"name": "A. R\u00fcdiger", "size": 82}, {"name": "K. Trapp", "size": 82}, {"name": "M. G\u00f3mez", "size": 82}, {"name": "L. Stindl", "size": 82}, {"name": "K. Bellarabi", "size": 82}, {"name": "J. Tah", "size": 82}, {"name": "T. Werner", "size": 82}, {"name": "L. Goretzka", "size": 82}, {"name": "O. Baumann", "size": 82}, {"name": "L. San\u00e9", "size": 82}, {"name": "L. Bender", "size": 82}, {"name": "M. G\u00f6tze", "size": 81}, {"name": "S. Rudy", "size": 81}, {"name": "B. Schweinsteiger", "size": 81}, {"name": "J. Weigl", "size": 81}, {"name": "J. Kimmich", "size": 81}, {"name": "S. Bender", "size": 80}, {"name": "K. Vogt", "size": 80}, {"name": "L. Podolski", "size": 80}, {"name": "A. Sch\u00fcrrle", "size": 80}, {"name": "M. Schmelzer", "size": 80}, {"name": "D. Didavi", "size": 80}, {"name": "E. Can", "size": 80}, {"name": "J. Hector", "size": 80}, {"name": "L. Karius", "size": 80}, {"name": "J. Brandt", "size": 80}, {"name": "K. Demirbay", "size": 80}, {"name": "K. Volland", "size": 80}, {"name": "R. Zieler", "size": 79}, {"name": "S. Tasci", "size": 79}, {"name": "S. Wagner", "size": 79}, {"name": "B. H\u00fcbner", "size": 79}, {"name": "D. Baier", "size": 79}, {"name": "R. Adler", "size": 79}, {"name": "P. Herrmann", "size": 79}, {"name": "C. Kramer", "size": 79}, {"name": "W. Orban", "size": 79}, {"name": "M. Meyer", "size": 79}, {"name": "M. Dahoud", "size": 79}, {"name": "M. Arnold", "size": 79}, {"name": "S. Gnabry", "size": 79}, {"name": "D. Heintz", "size": 78}, {"name": "D. Heintz", "size": 78}, {"name": "L. Bittencourt", "size": 78}, {"name": "S. Rode", "size": 78}, {"name": "M. H\u00f6ger", "size": 78}, {"name": "M. H\u00f6ger", "size": 78}, {"name": "M. Ginter", "size": 78}, {"name": "M. Ginter", "size": 78}, {"name": "N. Stark", "size": 78}, {"name": "M. Weiser", "size": 78}, {"name": "M. Weiser", "size": 78}, {"name": "M. Weiser", "size": 78}, {"name": "M. Weiser", "size": 78}, {"name": "N. Stark", "size": 78}, {"name": "D. Demme", "size": 78}, {"name": "N. Stark", "size": 78}, {"name": "N. Stark", "size": 78}, {"name": "D. Latza", "size": 77}, {"name": "J. Hofmann", "size": 77}, {"name": "A. Younes", "size": 77}, {"name": "A. Meier", "size": 77}, {"name": "E. Durm", "size": 77}, {"name": "J. Geis", "size": 77}, {"name": "S. Bell", "size": 77}, {"name": "S. Terodde", "size": 77}, {"name": "L. Holtby", "size": 77}, {"name": "M. Risse", "size": 77}, {"name": "M. Philipp", "size": 77}, {"name": "N. Amiri", "size": 77}, {"name": "M. Uth", "size": 77}, {"name": "B. Oczipka", "size": 77}, {"name": "A. Hunt", "size": 76}, {"name": "M. Stendera", "size": 76}, {"name": "F. Niederlechner", "size": 76}, {"name": "L. \u00d6ztunali", "size": 76}, {"name": "T. Kraft", "size": 76}, {"name": "B. Henrichs", "size": 76}, {"name": "T. Strobl", "size": 76}, {"name": "S. Ulreich", "size": 76}, {"name": "D. Kohr", "size": 76}, {"name": "L. Rupp", "size": 76}, {"name": "J. Korb", "size": 76}, {"name": "M. Compper", "size": 76}, {"name": "M. Schmiedebach", "size": 76}, {"name": "T. Jantschke", "size": 76}, {"name": "M. Lehmann", "size": 76}, {"name": "A. Hahn", "size": 76}, {"name": "N. Petersen", "size": 76}, {"name": "D. Brosinski", "size": 76}, {"name": "P. Gro\u00df", "size": 76}, {"name": "C. Mathenia", "size": 75}, {"name": "R. Bauer", "size": 75}, {"name": "N. Bungert", "size": 75}, {"name": "C. Clemens", "size": 75}, {"name": "M. Schnatterer", "size": 75}, {"name": "M. Esser", "size": 75}, {"name": "A. Beck", "size": 75}, {"name": "J. Gondorf", "size": 75}, {"name": "S. Jung", "size": 75}, {"name": "T. Leistner", "size": 75}, {"name": "C. Tr\u00e4sch", "size": 75}, {"name": "P. Bargfrede", "size": 75}, {"name": "M. Marin", "size": 75}, {"name": "R. Knoche", "size": 75}, {"name": "Y. Gerhardt", "size": 75}, {"name": "F. Wiedwald", "size": 75}, {"name": "M. Halstenberg", "size": 75}, {"name": "A. Schwolow", "size": 75}, {"name": "J. Toljan", "size": 75}, {"name": "D. Ginczek", "size": 75}, {"name": "M. Halstenberg", "size": 75}, {"name": "M. Heller", "size": 74}, {"name": "K. Reichel", "size": 74}, {"name": "P. Max", "size": 74}, {"name": "P. Max", "size": 74}]}, {"name": "Poland", "children": [{"name": "R. Lewandowski", "size": 91}, {"name": "K. Glik", "size": 85}, {"name": "L. Piszczek", "size": 83}, {"name": "W. Szcz\u0119sny", "size": 82}, {"name": "G. Krychowiak", "size": 81}, {"name": "L. Fabia\u0144ski", "size": 80}, {"name": "P. Zieli\u0144ski", "size": 80}, {"name": "A. Milik", "size": 79}, {"name": "L. Teodorczyk", "size": 78}, {"name": "A. Boruc", "size": 77}, {"name": "M. Pazdan", "size": 76}, {"name": "E. Pola\u0144ski", "size": 76}, {"name": "K. Grosicki", "size": 76}, {"name": "J. B\u0142aszczykowski", "size": 76}, {"name": "L. Skorupski", "size": 76}, {"name": "K. Linetty", "size": 75}]}, {"name": "Spain", "children": [{"name": "De Gea", "size": 90}, {"name": "Sergio Ramos", "size": 90}, {"name": "Thiago", "size": 88}, {"name": "Iniesta", "size": 87}, {"name": "Piqu\u00e9", "size": 87}, {"name": "David Silva", "size": 87}, {"name": "Cesc F\u00e0bregas", "size": 86}, {"name": "Diego Costa", "size": 86}, {"name": "Sergio Busquets", "size": 86}, {"name": "Isco", "size": 86}, {"name": "Javi Mart\u00ednez", "size": 86}, {"name": "Azpilicueta", "size": 85}, {"name": "Jordi Alba", "size": 85}, {"name": "Morata", "size": 84}, {"name": "Aduriz", "size": 84}, {"name": "Juan Mata", "size": 84}, {"name": "Ander Herrera", "size": 84}, {"name": "Sergio Asenjo", "size": 84}, {"name": "Carvajal", "size": 84}, {"name": "Bruno", "size": 84}, {"name": "Pedro", "size": 84}, {"name": "Koke", "size": 84}, {"name": "Marco Asensio", "size": 84}, {"name": "Jos\u00e9 Callej\u00f3n", "size": 83}, {"name": "Borja Valero", "size": 83}, {"name": "Juanfran", "size": 83}, {"name": "Diego L\u00f3pez", "size": 83}, {"name": "Casillas", "size": 83}, {"name": "Jos\u00e9 Reina", "size": 83}, {"name": "Vitolo", "size": 83}, {"name": "Parejo", "size": 83}, {"name": "Iago Aspas", "size": 83}, {"name": "Santi Cazorla", "size": 83}, {"name": "David Villa", "size": 82}, {"name": "Be\u00f1at", "size": 82}, {"name": "Roque Mesa", "size": 82}, {"name": "Iborra", "size": 82}, {"name": "Deulofeu", "size": 82}, {"name": "Sergio Rico", "size": 82}, {"name": "Sa\u00fal", "size": 82}, {"name": "Ra\u00fal Albiol", "size": 82}, {"name": "Manu Trigueros", "size": 82}, {"name": "Suso", "size": 82}, {"name": "Lucas V\u00e1zquez", "size": 82}, {"name": "I\u00f1igo Mart\u00ednez", "size": 82}, {"name": "V\u00edctor Ru\u00edz", "size": 82}, {"name": "Illarramendi", "size": 81}, {"name": "Camacho", "size": 81}, {"name": "Marcos Alonso", "size": 81}, {"name": "Moy\u00e1", "size": 81}, {"name": "Fernando Torres", "size": 81}, {"name": "Gabi", "size": 81}, {"name": "Ra\u00fal Garc\u00eda", "size": 81}, {"name": "Iturraspe", "size": 81}, {"name": "Lucas P\u00e9rez", "size": 81}, {"name": "Dani Garc\u00eda", "size": 81}, {"name": "Williams", "size": 81}, {"name": "De Marcos", "size": 81}, {"name": "Ad\u00e1n", "size": 81}, {"name": "Sergi Roberto", "size": 81}, {"name": "Mario Gaspar", "size": 81}, {"name": "Nacho Fern\u00e1ndez", "size": 81}, {"name": "Bartra", "size": 81}, {"name": "H\u00e9ctor Beller\u00edn", "size": 81}, {"name": "Iago Falqu\u00e9", "size": 80}, {"name": "Nacho Monreal", "size": 80}, {"name": "Kiko Casilla", "size": 80}, {"name": "Pedro Le\u00f3n", "size": 80}, {"name": "Coke", "size": 80}, {"name": "Javi Fuego", "size": 80}, {"name": "Sergi Enrich", "size": 80}, {"name": "Mikel San Jos\u00e9", "size": 80}, {"name": "Hugo Mallo", "size": 80}, {"name": "Denis Su\u00e1rez", "size": 80}, {"name": "Grimaldo", "size": 80}, {"name": "Samu Castillejo", "size": 80}, {"name": "Arrizabalaga", "size": 80}, {"name": "Marcano", "size": 80}, {"name": "Pablo Sarabia", "size": 80}, {"name": "Bernat", "size": 79}, {"name": "Paco Alc\u00e1cer", "size": 79}, {"name": "Escudero", "size": 79}, {"name": "Jaume Costa", "size": 79}, {"name": "Nolito", "size": 79}, {"name": "Balenziaga", "size": 79}, {"name": "Canales", "size": 79}, {"name": "Adri\u00e1n", "size": 79}, {"name": "Oriol Romeu", "size": 79}, {"name": "Keko", "size": 79}, {"name": "Diego Llorente", "size": 79}, {"name": "Jurado", "size": 79}, {"name": "Negredo", "size": 79}, {"name": "Rub\u00e9n Pardo", "size": 79}, {"name": "Roberto", "size": 79}, {"name": "Oyarzabal", "size": 79}, {"name": "Fabricio", "size": 79}, {"name": "Bojan", "size": 79}, {"name": "Gerard Moreno", "size": 79}, {"name": "Gay\u00e0", "size": 79}, {"name": "\u00d3liver Torres", "size": 79}, {"name": "Vicente G\u00f3mez", "size": 79}, {"name": "Bigas", "size": 78}, {"name": "Pozuelo", "size": 78}, {"name": "Pozuelo", "size": 78}, {"name": "Bigas", "size": 78}, {"name": "Javi Garc\u00eda", "size": 78}, {"name": "Font\u00e0s", "size": 78}, {"name": "Carles Gil", "size": 78}, {"name": "Carles Gil", "size": 78}, {"name": "Jorge Mer\u00e9", "size": 78}, {"name": "Pau L\u00f3pez", "size": 78}, {"name": "Pau L\u00f3pez", "size": 78}, {"name": "Granero", "size": 78}, {"name": "Jony", "size": 78}, {"name": "Jony", "size": 78}, {"name": "Ra\u00fal Navas", "size": 78}, {"name": "Ra\u00fal Navas", "size": 78}, {"name": "Dani Ceballos", "size": 78}, {"name": "Rodrigo", "size": 78}, {"name": "Yeray", "size": 78}, {"name": "Morales", "size": 78}, {"name": "Mosquera", "size": 78}, {"name": "Joaqu\u00edn", "size": 78}, {"name": "Juanfran", "size": 78}, {"name": "Muniain", "size": 78}, {"name": "Morales", "size": 78}, {"name": "Rodrigo", "size": 78}, {"name": "Sergi Darder", "size": 78}, {"name": "Susaeta", "size": 78}, {"name": "Borja Bast\u00f3n", "size": 78}, {"name": "Capa", "size": 78}, {"name": "David L\u00f3pez", "size": 78}, {"name": "Capa", "size": 78}, {"name": "Sergi Darder", "size": 78}, {"name": "Rochina", "size": 78}, {"name": "Sergi G\u00f3mez", "size": 77}, {"name": "Recio", "size": 77}, {"name": "David Garc\u00eda", "size": 77}, {"name": "Aritz Elustondo", "size": 77}, {"name": "Timor", "size": 77}, {"name": "Javi Varas", "size": 77}, {"name": "Sandro", "size": 77}, {"name": "Iv\u00e1n Ramis", "size": 77}, {"name": "Jes\u00e9", "size": 77}, {"name": "Sergio \u00c1lvarez", "size": 77}, {"name": "Iraizoz", "size": 77}, {"name": "Lu\u00eds Hern\u00e1ndez", "size": 77}, {"name": "Jozabed", "size": 77}, {"name": "Bruno", "size": 77}, {"name": "\u00c1lvaro", "size": 77}, {"name": "Campa\u00f1a", "size": 77}, {"name": "Pacheco", "size": 77}, {"name": "Pablo Fornals", "size": 77}, {"name": "Marcos Llorente", "size": 77}, {"name": "Vallejo", "size": 77}, {"name": "Jonny", "size": 77}, {"name": "Sergio", "size": 77}, {"name": "Juanmi", "size": 77}, {"name": "Yuri", "size": 77}, {"name": "Jordi Amat", "size": 77}, {"name": "Montoya", "size": 77}, {"name": "Sergio Le\u00f3n", "size": 77}, {"name": "Cristian Tello", "size": 77}, {"name": "Yoel", "size": 77}, {"name": "Luis Alberto", "size": 77}, {"name": "Pedro Obiang", "size": 77}, {"name": "Manquillo", "size": 76}, {"name": "Portu", "size": 76}, {"name": "Abraham", "size": 76}, {"name": "Roberto Torres", "size": 76}, {"name": "Serantes", "size": 76}, {"name": "Camarasa", "size": 76}, {"name": "Laguardia", "size": 76}, {"name": "Ibai G\u00f3mez", "size": 76}, {"name": "Diego Castro", "size": 76}, {"name": "Jairo", "size": 76}, {"name": "Jes\u00fas G\u00e1mez", "size": 76}, {"name": "Javi Espinosa", "size": 76}, {"name": "Carlos Soler", "size": 76}, {"name": "Samu Saiz", "size": 76}, {"name": "Agirretxe", "size": 76}, {"name": "Herrer\u00edn", "size": 76}, {"name": "Diego Rico", "size": 76}, {"name": "Aleix Vidal", "size": 76}, {"name": "Aythami Artiles", "size": 76}, {"name": "B\u00f3veda", "size": 76}, {"name": "Javi L\u00f3pez", "size": 76}, {"name": "Marc Muniesa", "size": 76}, {"name": "Alberto Moreno", "size": 76}, {"name": "Cejudo", "size": 76}, {"name": "G\u00e1lvez", "size": 76}, {"name": "Alexis", "size": 76}, {"name": "Adri\u00e1n Gonz\u00e1lez", "size": 76}, {"name": "Santi Mina", "size": 76}, {"name": "V\u00edctor V\u00e1zquez", "size": 76}, {"name": "Riesgo", "size": 76}, {"name": "Omar Mascarell", "size": 76}, {"name": "Carlos Mart\u00ednez", "size": 76}, {"name": "Aar\u00f3n Mart\u00edn", "size": 76}, {"name": "Roger", "size": 76}, {"name": "Andr\u00e9s Fern\u00e1ndez", "size": 76}, {"name": "Alex Alegr\u00eda", "size": 75}, {"name": "Kike Garc\u00eda", "size": 75}, {"name": "Sabin Merino", "size": 75}, {"name": "Miguel Torres", "size": 75}, {"name": "Sergio Tejera", "size": 75}, {"name": "Tana", "size": 75}, {"name": "Mikel Gonzalez", "size": 75}, {"name": "Samu Garc\u00eda", "size": 75}, {"name": "Bot\u00eda", "size": 75}, {"name": "Lekue", "size": 75}, {"name": "Manu Garc\u00eda", "size": 75}, {"name": "Lomb\u00e1n", "size": 75}, {"name": "Arribas", "size": 75}, {"name": "Luna", "size": 75}, {"name": "Dani Castellano", "size": 75}, {"name": "Ximo Navarro", "size": 75}, {"name": "David Garc\u00eda", "size": 75}, {"name": "Rub\u00e9n P\u00e9rez", "size": 75}, {"name": "Jota Peleteiro", "size": 75}, {"name": "To\u00f1o Garc\u00eda", "size": 75}, {"name": "Jos\u00e9 Ca\u00f1as", "size": 75}, {"name": "Isaac Becerra", "size": 75}, {"name": "De la Bella", "size": 75}, {"name": "Omar Ramos", "size": 75}, {"name": "Insua", "size": 75}, {"name": "Joselu", "size": 75}, {"name": "Kiko Femen\u00eda", "size": 75}, {"name": "Munir", "size": 75}, {"name": "Adri\u00e1n", "size": 75}, {"name": "Alcal\u00e1", "size": 75}, {"name": "Fran Rico", "size": 75}, {"name": "Iv\u00e1n Cu\u00e9llar", "size": 75}, {"name": "Rub\u00e9n Blanco", "size": 75}, {"name": "Adri\u00e1n", "size": 75}, {"name": "Jaume", "size": 75}, {"name": "Edgar M\u00e9ndez", "size": 75}, {"name": "Burgui", "size": 75}, {"name": "Marc Roca", "size": 74}, {"name": "Postigo", "size": 74}]}, {"name": "Belgium", "children": [{"name": "E. Hazard", "size": 90}, {"name": "T. Courtois", "size": 89}, {"name": "K. De Bruyne", "size": 89}, {"name": "R. Nainggolan", "size": 86}, {"name": "T. Alderweireld", "size": 86}, {"name": "R. Lukaku", "size": 86}, {"name": "D. Mertens", "size": 86}, {"name": "V. Kompany", "size": 85}, {"name": "Y. Carrasco", "size": 85}, {"name": "J. Vertonghen", "size": 85}, {"name": "M. Demb\u00e9l\u00e9", "size": 83}, {"name": "A. Witsel", "size": 82}, {"name": "S. Mignolet", "size": 81}, {"name": "C. Benteke", "size": 81}, {"name": "K. Mirallas", "size": 81}, {"name": "T. Meunier", "size": 81}, {"name": "Y. Tielemans", "size": 80}, {"name": "T. Hazard", "size": 80}, {"name": "M. Batshuayi", "size": 80}, {"name": "M. Fellaini", "size": 79}, {"name": "L. Dendoncker", "size": 79}, {"name": "D. Origi", "size": 78}, {"name": "D. Origi", "size": 78}, {"name": "N. Chadli", "size": 78}, {"name": "T. Bongonda", "size": 78}, {"name": "G. Gillet", "size": 78}, {"name": "N. Lombaerts", "size": 78}, {"name": "K. Casteels", "size": 78}, {"name": "J. Lukaku", "size": 77}, {"name": "J. Van Damme", "size": 77}, {"name": "A. Januzaj", "size": 77}, {"name": "C. Musonda", "size": 76}, {"name": "S. Kums", "size": 76}, {"name": "D. Praet", "size": 76}, {"name": "M. Lestienne", "size": 76}, {"name": "J. Vossen", "size": 76}, {"name": "S. Proto", "size": 76}, {"name": "E. \u015een", "size": 76}, {"name": "B. Engels", "size": 75}, {"name": "G. Bia", "size": 75}, {"name": "C. Kabasele", "size": 75}, {"name": "M. Sels", "size": 75}, {"name": "H. Vanaken", "size": 75}, {"name": "H. Vanaken", "size": 75}]}, {"name": "Croatia", "children": [{"name": "L. Modri\u0107", "size": 89}, {"name": "I. Rakiti\u0107", "size": 87}, {"name": "D. Suba\u0161i\u0107", "size": 85}, {"name": "I. Peri\u0161i\u0107", "size": 84}, {"name": "M. Mand\u017euki\u0107", "size": 83}, {"name": "V. \u0106orluka", "size": 82}, {"name": "M. Kova\u010di\u0107", "size": 82}, {"name": "M. Brozovi\u0107", "size": 81}, {"name": "A. Kramari\u0107", "size": 81}, {"name": "D. Lovren", "size": 81}, {"name": "N. Kalini\u0107", "size": 81}, {"name": "S. Vrsaljko", "size": 79}, {"name": "M. Badelj", "size": 78}, {"name": "M. Badelj", "size": 78}, {"name": "A. Halilovi\u0107", "size": 77}, {"name": "L. Kalini\u0107", "size": 77}, {"name": "M. Pjaca", "size": 76}, {"name": "T. Jedvaj", "size": 76}, {"name": "M. Rog", "size": 76}, {"name": "M. Pa\u0161ali\u0107", "size": 76}, {"name": "F. Krovinovi\u0107", "size": 76}, {"name": "I. Strini\u0107", "size": 75}, {"name": "M. Livaja", "size": 75}, {"name": "H. Mili\u0107", "size": 74}]}, {"name": "Italy", "children": [{"name": "G. Buffon", "size": 89}, {"name": "G. Chiellini", "size": 89}, {"name": "L. Bonucci", "size": 88}, {"name": "M. Verratti", "size": 87}, {"name": "A. Barzagli", "size": 85}, {"name": "C. Marchisio", "size": 85}, {"name": "L. Insigne", "size": 85}, {"name": "D. De Rossi", "size": 83}, {"name": "S. Giovinco", "size": 83}, {"name": "A. Belotti", "size": 83}, {"name": "G. Bonaventura", "size": 83}, {"name": "M. Perin", "size": 83}, {"name": "A. Consigli", "size": 82}, {"name": "F. Acerbi", "size": 82}, {"name": "F. V\u00e1zquez", "size": 82}, {"name": "M. Balotelli", "size": 82}, {"name": "F. Bernardeschi", "size": 82}, {"name": "G. Donnarumma", "size": 82}, {"name": "A. Florenzi", "size": 82}, {"name": "C. Immobile", "size": 82}, {"name": "E. Viviano", "size": 82}, {"name": "M. Parolo", "size": 81}, {"name": "D. Astori", "size": 81}, {"name": "D. Berardi", "size": 81}, {"name": "Jorginho", "size": 81}, {"name": "S. Zaza", "size": 81}, {"name": "D. Berardi", "size": 81}, {"name": "Eder", "size": 80}, {"name": "R. Soriano", "size": 80}, {"name": "M. Darmian", "size": 80}, {"name": "F. Marchetti", "size": 80}, {"name": "A. Mirante", "size": 80}, {"name": "D. Criscito", "size": 80}, {"name": "S. El Shaarawy", "size": 80}, {"name": "A. Candreva", "size": 80}, {"name": "D. Rugani", "size": 80}, {"name": "M. Gabbiadini", "size": 79}, {"name": "R. Saponara", "size": 79}, {"name": "A. Ogbonna", "size": 79}, {"name": "A. Romagnoli", "size": 79}, {"name": "S. Sorrentino", "size": 79}, {"name": "M. Benassi", "size": 79}, {"name": "L. Tonelli", "size": 79}, {"name": "S. Sirigu", "size": 79}, {"name": "D. Baselli", "size": 79}, {"name": "D. Zappacosta", "size": 79}, {"name": "N. Sansone", "size": 79}, {"name": "M. Borriello", "size": 78}, {"name": "S. Verdi", "size": 78}, {"name": "R. Gagliardini", "size": 78}, {"name": "R. Gagliardini", "size": 78}, {"name": "D. Caligiuri", "size": 78}, {"name": "D. Caligiuri", "size": 78}, {"name": "M. Sportiello", "size": 78}, {"name": "M. Valdifiori", "size": 77}, {"name": "F. Magnanelli", "size": 77}, {"name": "S. Okaka", "size": 77}, {"name": "S. Sturaro", "size": 77}, {"name": "A. Gamberini", "size": 77}, {"name": "D. Bonera", "size": 77}, {"name": "M. Politano", "size": 77}, {"name": "L. Pavoletti", "size": 77}, {"name": "M. Andreolli", "size": 77}, {"name": "L. Pellegrini", "size": 77}, {"name": "V. Grifo", "size": 77}, {"name": "A. Masiello", "size": 77}, {"name": "A. Bertolacci", "size": 77}, {"name": "G. Pazzini", "size": 76}, {"name": "M. Storari", "size": 76}, {"name": "A. Ranocchia", "size": 76}, {"name": "L. Antonelli", "size": 76}, {"name": "C. Piccini", "size": 76}, {"name": "M. Destro", "size": 76}, {"name": "D. Santon", "size": 76}, {"name": "L. Cigarini", "size": 76}, {"name": "R. Meggiorini", "size": 76}, {"name": "M. Caldara", "size": 76}, {"name": "D. Dainelli", "size": 76}, {"name": "D. Gastaldello", "size": 76}, {"name": "Emerson", "size": 76}, {"name": "F. Bardi", "size": 76}, {"name": "L. De Silvestri", "size": 76}, {"name": "L. Spinazzola", "size": 76}, {"name": "M. De Sciglio", "size": 76}, {"name": "A. Paloschi", "size": 76}, {"name": "A. Raggi", "size": 76}, {"name": "F. Borini", "size": 76}, {"name": "G. Lapadula", "size": 76}, {"name": "A. Matri", "size": 76}, {"name": "F. Viviani", "size": 76}, {"name": "L. Rossettini", "size": 76}, {"name": "L. Rigoni", "size": 75}, {"name": "S. Missiroli", "size": 75}, {"name": "L. Caldirola", "size": 75}, {"name": "D. Cataldi", "size": 75}, {"name": "G. Donati", "size": 75}, {"name": "R. Inglese", "size": 75}, {"name": "L. Rizzo", "size": 75}, {"name": "E. Moretti", "size": 75}, {"name": "A. Ciciretti", "size": 75}, {"name": "C. Maggio", "size": 75}, {"name": "F. Brienza", "size": 75}, {"name": "A. Aquilani", "size": 75}, {"name": "M. Maccarone", "size": 75}, {"name": "S. Sensi", "size": 75}, {"name": "S. Floccari", "size": 75}, {"name": "S. Scuffet", "size": 75}, {"name": "A. Cerci", "size": 75}, {"name": "F. Chiesa", "size": 75}, {"name": "A. Poli", "size": 75}, {"name": "V. Mannone", "size": 75}, {"name": "M. Silvestre", "size": 75}, {"name": "A. Conti", "size": 75}, {"name": "A. Barreca", "size": 75}, {"name": "D. D'Ambrosio", "size": 75}, {"name": "E. Schelotto", "size": 75}, {"name": "R\u00f4mulo", "size": 74}, {"name": "F. Cacciatore", "size": 74}]}, {"name": "Wales", "children": [{"name": "G. Bale", "size": 89}, {"name": "A. Williams", "size": 82}, {"name": "A. Ramsey", "size": 82}, {"name": "B. Davies", "size": 78}, {"name": "J. Allen", "size": 77}, {"name": "J. Collins", "size": 76}, {"name": "S. Vokes", "size": 76}, {"name": "J. Chester", "size": 75}]}, {"name": "Sweden", "children": [{"name": "Z. Ibrahimovi\u0107", "size": 88}, {"name": "E. Forsberg", "size": 83}, {"name": "M. Berg", "size": 80}, {"name": "A. Granqvist", "size": 80}, {"name": "V. Lindel\u00f6f", "size": 79}, {"name": "V. Lindel\u00f6f", "size": 79}, {"name": "P. Wernbloom", "size": 79}, {"name": "J. Guidetti", "size": 78}, {"name": "J. Guidetti", "size": 78}, {"name": "P. Jansson", "size": 77}, {"name": "J. Olsson", "size": 76}, {"name": "A. Ekdal", "size": 76}, {"name": "S. Larsson", "size": 76}, {"name": "K. Johnsson", "size": 75}, {"name": "R. Elm", "size": 75}, {"name": "M. Olsson", "size": 75}, {"name": "O. Toivonen", "size": 75}, {"name": "J. Durmaz", "size": 75}]}, {"name": "France", "children": [{"name": "H. Lloris", "size": 88}, {"name": "A. Griezmann", "size": 88}, {"name": "P. Pogba", "size": 87}, {"name": "N. Kant\u00e9", "size": 87}, {"name": "F. Rib\u00e9ry", "size": 86}, {"name": "K. Benzema", "size": 86}, {"name": "B. Matuidi", "size": 85}, {"name": "S. Ruffier", "size": 85}, {"name": "A. Lacazette", "size": 85}, {"name": "R. Varane", "size": 85}, {"name": "L. Koscielny", "size": 84}, {"name": "D. Payet", "size": 84}, {"name": "A. Laporte", "size": 84}, {"name": "M. Schneiderlin", "size": 83}, {"name": "S. N'Zonzi", "size": 83}, {"name": "K. Gameiro", "size": 83}, {"name": "O. Demb\u00e9l\u00e9", "size": 83}, {"name": "S. Umtiti", "size": 83}, {"name": "L. Perrin", "size": 83}, {"name": "K. Mbapp\u00e9", "size": 83}, {"name": "T. Lemar", "size": 83}, {"name": "T. Bakayoko", "size": 82}, {"name": "O. Giroud", "size": 82}, {"name": "S. Mandanda", "size": 82}, {"name": "B. Costil", "size": 82}, {"name": "N. Fekir", "size": 82}, {"name": "A. Martial", "size": 82}, {"name": "C. Tolisso", "size": 82}, {"name": "F. Thauvin", "size": 82}, {"name": "A. Rami", "size": 81}, {"name": "A. Gignac", "size": 81}, {"name": "M. Valbuena", "size": 81}, {"name": "H. Ben Arfa", "size": 81}, {"name": "C. Carrasso", "size": 81}, {"name": "M. Sakho", "size": 81}, {"name": "M. Sanson", "size": 81}, {"name": "A. Rabiot", "size": 81}, {"name": "W. Ben Yedder", "size": 81}, {"name": "M. Gonalons", "size": 80}, {"name": "R. Thomas", "size": 80}, {"name": "V. Germain", "size": 80}, {"name": "L. Kurzawa", "size": 80}, {"name": "A. Pl\u00e9a", "size": 80}, {"name": "J. Mathieu", "size": 80}, {"name": "P. Evra", "size": 80}, {"name": "J. Guilavogui", "size": 80}, {"name": "L. Digne", "size": 79}, {"name": "D. Sidib\u00e9", "size": 79}, {"name": "F. Lejeune", "size": 79}, {"name": "W. Cyprien", "size": 79}, {"name": "K. Zouma", "size": 79}, {"name": "D. Zurutuza", "size": 79}, {"name": "W. Vainqueur", "size": 79}, {"name": "C. Lenglet", "size": 79}, {"name": "F. Coquelin", "size": 79}, {"name": "K. Coman", "size": 79}, {"name": "B. Gomis", "size": 79}, {"name": "P. Ntep", "size": 79}, {"name": "Y. Cardinale", "size": 79}, {"name": "S. Corchia", "size": 79}, {"name": "A. Areola", "size": 79}, {"name": "B. Reynet", "size": 78}, {"name": "B. Reynet", "size": 78}, {"name": "V. Eysseric", "size": 78}, {"name": "V. Eysseric", "size": 78}, {"name": "Y. Gourcuff", "size": 78}, {"name": "R. Hamouma", "size": 78}, {"name": "M. Niang", "size": 78}, {"name": "T. Mangani", "size": 78}, {"name": "T. Mangani", "size": 78}, {"name": "V. Koziello", "size": 78}, {"name": "V. Koziello", "size": 78}, {"name": "L. Tousart", "size": 78}, {"name": "L. Tousart", "size": 78}, {"name": "V. Rongier", "size": 78}, {"name": "V. Rongier", "size": 78}, {"name": "Y. M'Vila", "size": 78}, {"name": "B. Mendy", "size": 78}, {"name": "B. Lecomte", "size": 78}, {"name": "A. Doucour\u00e9", "size": 78}, {"name": "B. Andr\u00e9", "size": 77}, {"name": "G. Clichy", "size": 77}, {"name": "M. Debuchy", "size": 77}, {"name": "G. Defrel", "size": 77}, {"name": "Y. Sabaly", "size": 77}, {"name": "G. Nkoudou", "size": 77}, {"name": "C. Jallet", "size": 77}, {"name": "G. Imbula", "size": 77}, {"name": "L. Hern\u00e1ndez", "size": 77}, {"name": "S. Haller", "size": 77}, {"name": "G. Hoarau", "size": 77}, {"name": "R. Alessandrini", "size": 77}, {"name": "J. Leca", "size": 77}, {"name": "R. Alessandrini", "size": 77}, {"name": "D. Da Silva", "size": 77}, {"name": "L. R\u00e9my", "size": 77}, {"name": "J. M\u00e9nez", "size": 77}, {"name": "A. Lafont", "size": 77}, {"name": "B. Stambouli", "size": 77}, {"name": "M. Sissoko", "size": 77}, {"name": "N. De Pr\u00e9ville", "size": 77}, {"name": "J. Veretout", "size": 77}, {"name": "P. Kimpembe", "size": 77}, {"name": "C. Th\u00e9r\u00e9au", "size": 77}, {"name": "Y. Salibur", "size": 77}, {"name": "G. Kondogbia", "size": 77}, {"name": "A. Souquet", "size": 76}, {"name": "A. Knockaert", "size": 76}, {"name": "L. Deaux", "size": 76}, {"name": "S. De Maio", "size": 76}, {"name": "K. Th\u00e9ophile-Catherine", "size": 76}, {"name": "J. Martin", "size": 76}, {"name": "M. Yanga-M'Biwa", "size": 76}, {"name": "G. Sertic", "size": 76}, {"name": "A. Mounier", "size": 76}, {"name": "L. Baal", "size": 76}, {"name": "B. Ketkeophomphone", "size": 76}, {"name": "S. Me\u00eft\u00e9", "size": 76}, {"name": "Y. Ravet", "size": 76}, {"name": "T. Heurtaux", "size": 76}, {"name": "I. Diop", "size": 76}, {"name": "N. Mendy", "size": 76}, {"name": "C. Jullien", "size": 76}, {"name": "A. Letellier", "size": 76}, {"name": "E. Capoue", "size": 76}, {"name": "A. Delort", "size": 76}, {"name": "A. Trebel", "size": 76}, {"name": "M. Le Marchand", "size": 76}, {"name": "L. Diony", "size": 76}, {"name": "N. Pallois", "size": 76}, {"name": "A. Saint-Maximin", "size": 76}, {"name": "R. Cabella", "size": 76}, {"name": "J. Roussillon", "size": 76}, {"name": "M. Coco", "size": 76}, {"name": "M. Bodmer", "size": 75}, {"name": "M. Demb\u00e9l\u00e9", "size": 75}, {"name": "B. Santamaria", "size": 75}, {"name": "M. Sarr", "size": 75}, {"name": "J. Biabiany", "size": 75}, {"name": "N. Isimat-Mirin", "size": 75}, {"name": "Y. Pel\u00e9", "size": 75}, {"name": "J. Ferri", "size": 75}, {"name": "T. Hern\u00e1ndez", "size": 75}, {"name": "R. Mavuba", "size": 75}, {"name": "C. Grenier", "size": 75}, {"name": "S. Marveaux", "size": 75}, {"name": "G. Bussmann", "size": 75}, {"name": "K. Malcuit", "size": 75}, {"name": "D. Li\u00e9nard", "size": 75}, {"name": "W. Boly", "size": 75}, {"name": "E. Didot", "size": 75}, {"name": "L. Dubois", "size": 75}, {"name": "Y. Kaboul", "size": 75}, {"name": "P. Lees-Melou", "size": 75}, {"name": "S. Falette", "size": 75}, {"name": "C. Kerbrat", "size": 75}, {"name": "R. Salin", "size": 74}]}, {"name": "Netherlands", "children": [{"name": "A. Robben", "size": 88}, {"name": "K. Strootman", "size": 84}, {"name": "B. Dost", "size": 83}, {"name": "S. de Vrij", "size": 83}, {"name": "V. van Dijk", "size": 83}, {"name": "G. Wijnaldum", "size": 82}, {"name": "D. Klaassen", "size": 82}, {"name": "Q. Promes", "size": 82}, {"name": "J. Cillessen", "size": 81}, {"name": "D. Blind", "size": 80}, {"name": "J. Lens", "size": 80}, {"name": "M. Depay", "size": 79}, {"name": "B. Martins Indi", "size": 79}, {"name": "J. Bruma", "size": 79}, {"name": "J. Zoet", "size": 79}, {"name": "R. Karsdorp", "size": 78}, {"name": "R. van Persie", "size": 78}, {"name": "K. Vermeer", "size": 78}, {"name": "T. Vilhena", "size": 78}, {"name": "I. Afellay", "size": 78}, {"name": "M. van Ginkel", "size": 78}, {"name": "V. Janssen", "size": 77}, {"name": "D. Pr\u00f6pper", "size": 77}, {"name": "J. Veltman", "size": 77}, {"name": "J. De Guzm\u00e1n", "size": 77}, {"name": "L. Fer", "size": 77}, {"name": "W. Hoedt", "size": 77}, {"name": "J. Toornstra", "size": 77}, {"name": "P. Verhaegh", "size": 77}, {"name": "T. Kongolo", "size": 77}, {"name": "J. Clasie", "size": 77}, {"name": "J. Willems", "size": 77}, {"name": "T. Krul", "size": 77}, {"name": "D. Janmaat", "size": 77}, {"name": "K. Tete", "size": 77}, {"name": "R. Vormer", "size": 77}, {"name": "R. Vormer", "size": 77}, {"name": "J. Gouweleeuw", "size": 77}, {"name": "K. Huntelaar", "size": 77}, {"name": "S. Berghuis", "size": 76}, {"name": "S. de Jong", "size": 76}, {"name": "T. Fosu-Mensah", "size": 76}, {"name": "S. Denswil", "size": 76}, {"name": "M. de Ligt", "size": 76}, {"name": "N. Viergever", "size": 76}, {"name": "J. Bo\u00ebtius", "size": 76}, {"name": "R. Vlaar", "size": 76}, {"name": "B. Ramselaar", "size": 76}, {"name": "J. Locadia", "size": 76}, {"name": "S. Padt", "size": 76}, {"name": "D. van de Beek", "size": 76}, {"name": "B. van Leer", "size": 76}, {"name": "J. van der Heijden", "size": 76}, {"name": "L. de Jong", "size": 76}, {"name": "G. van der Wiel", "size": 76}, {"name": "R. van Wolfswinkel", "size": 75}, {"name": "E. Pieters", "size": 75}, {"name": "S. Schaars", "size": 75}, {"name": "M. Stekelenburg", "size": 75}, {"name": "L. Narsingh", "size": 75}, {"name": "D. Sinkgraven", "size": 75}, {"name": "R. Haps", "size": 75}, {"name": "R. Kishna", "size": 75}, {"name": "J. Hendrix", "size": 75}, {"name": "M. Zeegelaar", "size": 75}, {"name": "N. Ak\u00e9", "size": 75}, {"name": "R. Bazoer", "size": 75}, {"name": "M. de Roon", "size": 75}, {"name": "P. van Aanholt", "size": 75}, {"name": "A. Nouri", "size": 75}]}, {"name": "Slovenia", "children": [{"name": "J. Oblak", "size": 88}, {"name": "S. Handanovi\u010d", "size": 87}, {"name": "K. Kampl", "size": 81}, {"name": "V. Birsa", "size": 80}, {"name": "J. Ili\u010di\u0107", "size": 80}, {"name": "R. Beri\u0107", "size": 76}, {"name": "J. Kurti\u0107", "size": 76}, {"name": "B. Joki\u010d", "size": 76}, {"name": "B. Cesar", "size": 76}, {"name": "D. Maroh", "size": 75}]}, {"name": "Denmark", "children": [{"name": "C. Eriksen", "size": 87}, {"name": "K. Schmeichel", "size": 83}, {"name": "A. Christensen", "size": 81}, {"name": "S. Kj\u00e6r", "size": 81}, {"name": "D. Wass", "size": 80}, {"name": "M. Krohn-Dehli", "size": 79}, {"name": "N. J\u00f8rgensen", "size": 79}, {"name": "J. Vestergaard", "size": 79}, {"name": "K. Dolberg", "size": 78}, {"name": "L. Sch\u00f8ne", "size": 77}, {"name": "F. S\u00f8rensen", "size": 77}, {"name": "M. Braithwaite", "size": 77}, {"name": "L. Andersen", "size": 76}, {"name": "Y. Poulsen", "size": 76}, {"name": "L. Lerager", "size": 75}, {"name": "M. J\u00f8rgensen", "size": 75}, {"name": "D. Jensen", "size": 75}, {"name": "J. L\u00f6ssl", "size": 75}, {"name": "V. Fischer", "size": 75}, {"name": "P. H\u00f8jbjerg", "size": 75}]}, {"name": "Slovakia", "children": [{"name": "M. Ham\u0161\u00edk", "size": 87}, {"name": "M. \u0160krtel", "size": 81}, {"name": "J. Kucka", "size": 79}, {"name": "J. \u010eurica", "size": 77}, {"name": "P. Pekar\u00edk", "size": 76}, {"name": "R. Mak", "size": 75}]}, {"name": "Austria", "children": [{"name": "D. Alaba", "size": 86}, {"name": "M. Arnautovi\u0107", "size": 82}, {"name": "Z. Junuzovi\u0107", "size": 79}, {"name": "S. Pr\u00f6dl", "size": 79}, {"name": "J. Baumgartlinger", "size": 78}, {"name": "M. Sabitzer", "size": 78}, {"name": "M. Sabitzer", "size": 78}, {"name": "K. Wimmer", "size": 78}, {"name": "M. Hinteregger", "size": 77}, {"name": "A. Sch\u00f6pf", "size": 77}, {"name": "A. Dragovi\u0107", "size": 77}, {"name": "M. Harnik", "size": 76}, {"name": "C. Fuchs", "size": 76}, {"name": "R. \u00d6zcan", "size": 75}, {"name": "S. Ilsanker", "size": 75}]}, {"name": "Greece", "children": [{"name": "Sokratis", "size": 86}, {"name": "K. Manolas", "size": 84}, {"name": "O. Karnezis", "size": 82}, {"name": "K. Mitroglou", "size": 81}, {"name": "K. Papadopoulos", "size": 79}, {"name": "J. Holebas", "size": 78}, {"name": "A. Samaris", "size": 78}, {"name": "K. Fortounis", "size": 78}, {"name": "K. Fortounis", "size": 78}, {"name": "S. Kapino", "size": 77}, {"name": "I. Fetfatzidis", "size": 76}, {"name": "K. Stafylidis", "size": 75}, {"name": "Zeca", "size": 75}, {"name": "P. Tachtsidis", "size": 75}, {"name": "P. Mantalos", "size": 75}, {"name": "D. Siovas", "size": 75}, {"name": "M. Oikonomou", "size": 74}]}, {"name": "England", "children": [{"name": "H. Kane", "size": 86}, {"name": "D. Alli", "size": 84}, {"name": "G. Cahill", "size": 84}, {"name": "A. Lallana", "size": 83}, {"name": "K. Walker", "size": 83}, {"name": "J. Henderson", "size": 82}, {"name": "D. Sturridge", "size": 82}, {"name": "D. Rose", "size": 82}, {"name": "N. Clyne", "size": 82}, {"name": "E. Dier", "size": 82}, {"name": "L. Baines", "size": 82}, {"name": "R. Sterling", "size": 82}, {"name": "J. Wilshere", "size": 81}, {"name": "C. Smalling", "size": 81}, {"name": "M. Keane", "size": 81}, {"name": "W. Rooney", "size": 81}, {"name": "T. Heaton", "size": 81}, {"name": "R. Barkley", "size": 81}, {"name": "J. Vardy", "size": 81}, {"name": "J. Butland", "size": 81}, {"name": "P. Jagielka", "size": 80}, {"name": "T. Walcott", "size": 80}, {"name": "R. Bertrand", "size": 80}, {"name": "J. Milner", "size": 80}, {"name": "M. Antonio", "size": 80}, {"name": "D. Welbeck", "size": 80}, {"name": "M. Rashford", "size": 80}, {"name": "A. Oxlade-Chamberlain", "size": 80}, {"name": "R. Shawcross", "size": 79}, {"name": "L. Shaw", "size": 79}, {"name": "P. Jones", "size": 79}, {"name": "G. Barry", "size": 79}, {"name": "D. Drinkwater", "size": 79}, {"name": "J. Stones", "size": 79}, {"name": "A. Townsend", "size": 78}, {"name": "J. Terry", "size": 78}, {"name": "J. Cork", "size": 78}, {"name": "J. Cork", "size": 78}, {"name": "J. Ward-Prowse", "size": 78}, {"name": "C. Austin", "size": 78}, {"name": "J. Lingard", "size": 78}, {"name": "S. Dann", "size": 78}, {"name": "B. Mee", "size": 78}, {"name": "J. Lingard", "size": 78}, {"name": "K. Trippier", "size": 78}, {"name": "F. Forster", "size": 77}, {"name": "C. Davies", "size": 77}, {"name": "A. Lennon", "size": 77}, {"name": "L. Cattermole", "size": 77}, {"name": "A. Gray", "size": 77}, {"name": "S. Sinclair", "size": 77}, {"name": "S. Cook", "size": 77}, {"name": "M. Albrighton", "size": 77}, {"name": "N. Redmond", "size": 77}, {"name": "H. Maguire", "size": 77}, {"name": "F. Delph", "size": 77}, {"name": "J. Pickford", "size": 77}, {"name": "J. Shelvey", "size": 77}, {"name": "J. Shelvey", "size": 77}, {"name": "S. Francis", "size": 76}, {"name": "M. Lowton", "size": 76}, {"name": "T. Cleverley", "size": 76}, {"name": "D. Ings", "size": 76}, {"name": "A. Cresswell", "size": 76}, {"name": "J. Tomkins", "size": 76}, {"name": "M. Noble", "size": 76}, {"name": "J. Tomkins", "size": 76}, {"name": "S. Berahino", "size": 76}, {"name": "J. Rodriguez", "size": 76}, {"name": "C. Daniels", "size": 75}, {"name": "C. Chambers", "size": 75}, {"name": "N. Dyer", "size": 75}, {"name": "W. Routledge", "size": 75}, {"name": "D. Simpson", "size": 75}, {"name": "G. Johnson", "size": 75}, {"name": "C. Dawson", "size": 75}, {"name": "T. Huddlestone", "size": 75}, {"name": "J. Livermore", "size": 75}, {"name": "K. Naughton", "size": 75}, {"name": "A. Young", "size": 75}, {"name": "L. Moore", "size": 75}, {"name": "L. Dunk", "size": 75}, {"name": "W. Hughes", "size": 75}, {"name": "N. Chalobah", "size": 75}, {"name": "A. McCarthy", "size": 75}, {"name": "D. Gayle", "size": 75}, {"name": "B. Wright-Phillips", "size": 75}, {"name": "C. Wilson", "size": 75}, {"name": "A. Surman", "size": 75}]}, {"name": "Czech Republic", "children": [{"name": "P. \u010cech", "size": 86}, {"name": "V. Darida", "size": 79}, {"name": "P. Kade\u0159\u00e1bek", "size": 78}, {"name": "B. Do\u010dkal", "size": 77}, {"name": "L. Krej\u010d\u00ed", "size": 77}, {"name": "P. Schick", "size": 77}, {"name": "T. Vacl\u00edk", "size": 77}, {"name": "J. Jankto", "size": 76}, {"name": "T. Gebre Selassie", "size": 75}]}, {"name": "Armenia", "children": [{"name": "H. Mkhitaryan", "size": 85}]}, {"name": "Bosnia Herzegovina", "children": [{"name": "M. Pjani\u0107", "size": 85}, {"name": "E. D\u017eeko", "size": 84}, {"name": "A. Begovi\u0107", "size": 82}, {"name": "S. Kola\u0161inac", "size": 80}, {"name": "E. Vi\u0161\u0107a", "size": 79}, {"name": "E. Bi\u010dak\u010di\u0107", "size": 76}, {"name": "M. Be\u0161i\u0107", "size": 76}, {"name": "S. Salihovi\u0107", "size": 75}, {"name": "R. Baji\u0107", "size": 75}, {"name": "D. Mili\u0107evi\u0107", "size": 75}, {"name": "E. Zukanovi\u0107", "size": 75}]}, {"name": "Switzerland", "children": [{"name": "R. B\u00fcrki", "size": 84}, {"name": "Y. Sommer", "size": 83}, {"name": "S. Lichtsteiner", "size": 82}, {"name": "X. Shaqiri", "size": 82}, {"name": "G. Xhaka", "size": 82}, {"name": "R. Rodr\u00edguez", "size": 81}, {"name": "M. Hitz", "size": 79}, {"name": "B. D\u017eemaili", "size": 78}, {"name": "T. Barnetta", "size": 77}, {"name": "V. Behrami", "size": 77}, {"name": "R. Steffen", "size": 77}, {"name": "S. Widmer", "size": 77}, {"name": "G. \u0130nler", "size": 77}, {"name": "M. Lang", "size": 77}, {"name": "D. Benaglio", "size": 77}, {"name": "B. Embolo", "size": 76}, {"name": "F. Frei", "size": 76}, {"name": "Gelson Fernandes", "size": 76}, {"name": "F. Lustenberger", "size": 76}, {"name": "T. Klose", "size": 76}, {"name": "V. Stocker", "size": 76}, {"name": "A. Mehmedi", "size": 76}, {"name": "Y. Mvogo", "size": 75}, {"name": "F. Sch\u00e4r", "size": 75}, {"name": "P. Schwegler", "size": 75}, {"name": "E. Derdiyok", "size": 75}, {"name": "S. Zuber", "size": 75}, {"name": "R. Freuler", "size": 75}, {"name": "N. Elvedi", "size": 74}, {"name": "L. Zuffi", "size": 74}]}, {"name": "Serbia", "children": [{"name": "N. Mati\u0107", "size": 83}, {"name": "L. Fejsa", "size": 82}, {"name": "B. Ivanovi\u0107", "size": 82}, {"name": "D. Tadi\u0107", "size": 80}, {"name": "M. Nastasi\u0107", "size": 80}, {"name": "S. Milinkovi\u0107-Savi\u0107", "size": 80}, {"name": "A. Kolarov", "size": 79}, {"name": "N. Maksimovi\u0107", "size": 79}, {"name": "A. Ljaji\u0107", "size": 79}, {"name": "N. Radoja", "size": 78}, {"name": "F. Kosti\u0107", "size": 78}, {"name": "F. Kosti\u0107", "size": 78}, {"name": "N. Pej\u010dinovi\u0107", "size": 77}, {"name": "A. Rukavina", "size": 77}, {"name": "L. Milivojevi\u0107", "size": 77}, {"name": "L. Milivojevi\u0107", "size": 77}, {"name": "I. Radovanovi\u0107", "size": 77}, {"name": "I. Radovanovi\u0107", "size": 77}, {"name": "A. \u017divkovi\u0107", "size": 77}, {"name": "N. Suboti\u0107", "size": 77}, {"name": "N. Tomovi\u0107", "size": 76}, {"name": "L. Markovi\u0107", "size": 76}, {"name": "M. Joji\u0107", "size": 76}, {"name": "J. Vukovi\u0107", "size": 76}, {"name": "M. Sulejmani", "size": 76}, {"name": "S. Rajkovi\u0107", "size": 75}, {"name": "F. \u0110or\u0111evi\u0107", "size": 75}, {"name": "D. Lazovi\u0107", "size": 75}, {"name": "A. Mitrovi\u0107", "size": 75}, {"name": "M. Ninkovi\u0107", "size": 75}]}, {"name": "Iceland", "children": [{"name": "G. Sigur\u00f0sson", "size": 82}, {"name": "A. Finnbogason", "size": 76}, {"name": "E. Hallfre\u00f0sson", "size": 75}]}, {"name": "Norway", "children": [{"name": "R. Jarstein", "size": 82}, {"name": "M. Elyounoussi", "size": 78}, {"name": "H. Nordtveit", "size": 77}, {"name": "J. King", "size": 77}, {"name": "O. Elabdellaoui", "size": 75}, {"name": "O. Seln\u00e6s", "size": 75}, {"name": "O. Kamara", "size": 75}, {"name": "S. Johansen", "size": 74}]}, {"name": "Montenegro", "children": [{"name": "S. Savi\u0107", "size": 82}, {"name": "S. Joveti\u0107", "size": 81}, {"name": "D. Damjanovi\u0107", "size": 75}, {"name": "N. Vuk\u010devi\u0107", "size": 75}]}, {"name": "Finland", "children": [{"name": "L. Hr\u00e1deck\u00fd", "size": 81}, {"name": "P. Hetemaj", "size": 77}, {"name": "N. Moisander", "size": 76}]}, {"name": "Republic of Ireland", "children": [{"name": "S. Coleman", "size": 81}, {"name": "J. McCarthy", "size": 80}, {"name": "H. Arter", "size": 77}, {"name": "W. Hoolahan", "size": 77}, {"name": "S. Long", "size": 76}, {"name": "R. Brady", "size": 76}, {"name": "C. Clark", "size": 76}, {"name": "K. Westwood", "size": 75}, {"name": "A. McGeady", "size": 75}, {"name": "J. Walters", "size": 75}, {"name": "J. Hendrick", "size": 75}, {"name": "S. Ward", "size": 75}]}, {"name": "Ukraine", "children": [{"name": "A. Yarmolenko", "size": 81}, {"name": "T. Stepanenko", "size": 80}, {"name": "Y. Rakitskyi", "size": 80}, {"name": "Y. Konoplyanka", "size": 79}, {"name": "A. Pyatov", "size": 79}, {"name": "O. Kucher", "size": 76}, {"name": "I. Ordets", "size": 76}, {"name": "R. Malinovskyi", "size": 75}, {"name": "D. Chygrynskyi", "size": 75}, {"name": "B. Butko", "size": 75}, {"name": "S. Kryvtsov", "size": 75}]}, {"name": "Northern Ireland", "children": [{"name": "J. Evans", "size": 79}, {"name": "G. McAuley", "size": 77}, {"name": "S. Davis", "size": 77}, {"name": "C. Brunt", "size": 75}]}, {"name": "Albania", "children": [{"name": "E. Hysaj", "size": 79}, {"name": "E. Berisha", "size": 78}, {"name": "M. Mavraj", "size": 76}]}, {"name": "Romania", "children": [{"name": "F. Andone", "size": 79}, {"name": "S. Radu", "size": 79}, {"name": "C. T\u0103t\u0103ru\u015fanu", "size": 78}, {"name": "V. Chiriche\u015f", "size": 77}, {"name": "C. Pantilimon", "size": 76}, {"name": "A. Maxim", "size": 75}]}, {"name": "Bulgaria", "children": [{"name": "I. Popov", "size": 77}]}, {"name": "Scotland", "children": [{"name": "M. Phillips", "size": 77}, {"name": "T. Cairney", "size": 77}, {"name": "D. Fletcher", "size": 76}, {"name": "J. Morrison", "size": 76}, {"name": "S. Brown", "size": 76}, {"name": "R. Snodgrass", "size": 75}, {"name": "S. Armstrong", "size": 75}, {"name": "M. Ritchie", "size": 75}, {"name": "L. Griffiths", "size": 75}, {"name": "A. Robertson", "size": 75}, {"name": "J. McArthur", "size": 75}]}, {"name": "Georgia", "children": [{"name": "G. Kashia", "size": 76}, {"name": "V. Qazaishvili", "size": 75}, {"name": "J. Ananidze", "size": 75}]}, {"name": "Lithuania", "children": [{"name": "Z. Kar\u010demarskas", "size": 76}]}, {"name": "Hungary", "children": [{"name": "P. Gul\u00e1csi", "size": 76}, {"name": "N. Nikoli\u0107", "size": 76}, {"name": "A. Szalai", "size": 75}]}, {"name": "Belarus", "children": [{"name": "Renan Bressan", "size": 76}, {"name": "T. Kalachev", "size": 75}]}, {"name": "Kosovo", "children": [{"name": "M. Rashica", "size": 75}]}, {"name": "Moldova", "children": [{"name": "A. Ioni\u0163\u0103", "size": 75}]}]}, {"name": "South America", "children": [{"name": "Argentina", "children": [{"name": "L. Messi", "size": 93}, {"name": "G. Higua\u00edn", "size": 90}, {"name": "S. Ag\u00fcero", "size": 89}, {"name": "P. Dybala", "size": 88}, {"name": "A. Di Mar\u00eda", "size": 85}, {"name": "M. Icardi", "size": 84}, {"name": "A. G\u00f3mez", "size": 84}, {"name": "J. Pastore", "size": 83}, {"name": "E. Garay", "size": 83}, {"name": "E. Banega", "size": 83}, {"name": "L. Biglia", "size": 83}, {"name": "G. Rulli", "size": 83}, {"name": "M. Musacchio", "size": 83}, {"name": "N. Otamendi", "size": 83}, {"name": "M. Rojo", "size": 82}, {"name": "F. Fazio", "size": 82}, {"name": "D. Perotti", "size": 81}, {"name": "M. Lanzini", "size": 81}, {"name": "G. Rodr\u00edguez", "size": 81}, {"name": "G. Cabral", "size": 80}, {"name": "I. Piatti", "size": 80}, {"name": "S. Romero", "size": 80}, {"name": "E. Salvio", "size": 80}, {"name": "E. Lamela", "size": 80}, {"name": "F. Belluschi", "size": 80}, {"name": "R. Pereyra", "size": 80}, {"name": "G. Bou", "size": 79}, {"name": "L. L\u00f3pez", "size": 79}, {"name": "E. Rigoni", "size": 79}, {"name": "E. Rigoni", "size": 79}, {"name": "P. Zabaleta", "size": 79}, {"name": "C. Ansaldi", "size": 79}, {"name": "L. Vietto", "size": 79}, {"name": "D. Abraham", "size": 79}, {"name": "W. Caballero", "size": 79}, {"name": "F. Fern\u00e1ndez", "size": 79}, {"name": "A. Correa", "size": 79}, {"name": "M. Acu\u00f1a", "size": 79}, {"name": "C. Yacob", "size": 79}, {"name": "D. Valeri", "size": 79}, {"name": "L. Paredes", "size": 79}, {"name": "P. Piatti", "size": 79}, {"name": "N. Tagliafico", "size": 79}, {"name": "I. Marcone", "size": 79}, {"name": "A. Marches\u00edn", "size": 78}, {"name": "R. Funes Mori", "size": 78}, {"name": "R. Funes Mori", "size": 78}, {"name": "E. Sala", "size": 78}, {"name": "A. Marches\u00edn", "size": 78}, {"name": "L. Castro", "size": 78}, {"name": "R. Funes Mori", "size": 78}, {"name": "R. Funes Mori", "size": 78}, {"name": "R. Battaglia", "size": 78}, {"name": "R. Battaglia", "size": 78}, {"name": "A. Ruiz", "size": 78}, {"name": "M. Ruben", "size": 78}, {"name": "D. Benedetto", "size": 78}, {"name": "E. P\u00e9rez", "size": 78}, {"name": "F. Cervi", "size": 78}, {"name": "A. Szymanowski", "size": 78}, {"name": "A. Szymanowski", "size": 78}, {"name": "G. Pizarro", "size": 78}, {"name": "J. Pinola", "size": 77}, {"name": "O. Trejo", "size": 77}, {"name": "M. Kranevitter", "size": 77}, {"name": "S. Driussi", "size": 77}, {"name": "R. Mart\u00ednez", "size": 77}, {"name": "S. Gentiletti", "size": 77}, {"name": "F. Roncaglia", "size": 77}, {"name": "M. And\u00fajar", "size": 77}, {"name": "N. Burdisso", "size": 77}, {"name": "P. De Blasis", "size": 77}, {"name": "F. Higua\u00edn", "size": 77}, {"name": "R. Funes Mori", "size": 77}, {"name": "J. Maidana", "size": 77}, {"name": "S. Torrico", "size": 77}, {"name": "P. P\u00e9rez", "size": 77}, {"name": "G. Escalante", "size": 77}, {"name": "F. Armani", "size": 77}, {"name": "N. Blandi", "size": 77}, {"name": "G. Escalante", "size": 77}, {"name": "M. Z\u00e1rate", "size": 77}, {"name": "G. Simeone", "size": 76}, {"name": "G. Simeone", "size": 76}, {"name": "I. Sosa", "size": 76}, {"name": "R. Civelli", "size": 76}, {"name": "E. Mas", "size": 76}, {"name": "M. Caruzzo", "size": 76}, {"name": "M. Izco", "size": 76}, {"name": "F. Mussis", "size": 76}, {"name": "E. Ins\u00faa", "size": 76}, {"name": "M. D\u00edaz", "size": 76}, {"name": "G. Mercado", "size": 76}, {"name": "R. Rey", "size": 76}, {"name": "M. Alustiza", "size": 76}, {"name": "J. G\u00f3mez", "size": 76}, {"name": "A. Dom\u00ednguez", "size": 76}, {"name": "D. Cvitanich", "size": 76}, {"name": "M. Boselli", "size": 76}, {"name": "G. Lux", "size": 76}, {"name": "J. D\u00e1tolo", "size": 76}, {"name": "C. Izquierdoz", "size": 76}, {"name": "F. Cartabia", "size": 76}, {"name": "F. Ferreyra", "size": 76}, {"name": "L. Ocampos", "size": 76}, {"name": "R. Sambueza", "size": 76}, {"name": "R. \u00c1bila", "size": 76}, {"name": "J. Silva", "size": 75}, {"name": "M. P\u00e9rez Garc\u00eda", "size": 75}, {"name": "S. Blanco", "size": 75}, {"name": "I. Fern\u00e1ndez", "size": 75}, {"name": "F. Monetti", "size": 75}, {"name": "E. Gigliotti", "size": 75}, {"name": "A. Ch\u00e1vez", "size": 75}, {"name": "M. Angeleri", "size": 75}, {"name": "B. Sarmiento", "size": 75}, {"name": "L. Pisculichi", "size": 75}, {"name": "J. Figal", "size": 75}, {"name": "F. Carrizo", "size": 75}, {"name": "L. Gonz\u00e1lez Pirez", "size": 75}, {"name": "V. Vada", "size": 75}, {"name": "J. Carrizo", "size": 75}, {"name": "M. Su\u00e1rez", "size": 75}, {"name": "P. Goltz", "size": 75}, {"name": "L. Zelaray\u00e1n", "size": 75}, {"name": "M. Mantovani", "size": 75}, {"name": "A. Bizzarri", "size": 75}, {"name": "N. Spolli", "size": 75}, {"name": "R. \u00c1lvarez", "size": 75}, {"name": "C. Pav\u00f3n", "size": 75}, {"name": "L. Vangioni", "size": 75}, {"name": "G. Lezcano", "size": 75}, {"name": "M. Dos Santos", "size": 75}, {"name": "F. Di Santo", "size": 75}, {"name": "G. Mart\u00ednez", "size": 75}, {"name": "H. Villalba", "size": 75}, {"name": "J. Calleri", "size": 75}, {"name": "G. Conti", "size": 75}, {"name": "M. Barbosa", "size": 75}, {"name": "E. Mammana", "size": 75}, {"name": "R. Centuri\u00f3n", "size": 74}]}, {"name": "Brazil", "children": [{"name": "Neymar", "size": 92}, {"name": "Thiago Silva", "size": 88}, {"name": "Marcelo", "size": 87}, {"name": "Miranda", "size": 86}, {"name": "David Luiz", "size": 86}, {"name": "Alex Sandro", "size": 86}, {"name": "Coutinho", "size": 86}, {"name": "Casemiro", "size": 85}, {"name": "Filipe Lu\u00eds", "size": 85}, {"name": "Dani Alves", "size": 84}, {"name": "Willian", "size": 84}, {"name": "Oscar", "size": 83}, {"name": "Jonas", "size": 83}, {"name": "Fabinho", "size": 83}, {"name": "Marquinhos", "size": 83}, {"name": "Roberto Firmino", "size": 83}, {"name": "Ederson", "size": 83}, {"name": "Marlos", "size": 82}, {"name": "Raffael", "size": 82}, {"name": "Taison", "size": 82}, {"name": "Douglas Costa", "size": 82}, {"name": "Naldo", "size": 82}, {"name": "Fernandinho", "size": 82}, {"name": "Willian Jos\u00e9", "size": 82}, {"name": "Felipe", "size": 82}, {"name": "Lucas", "size": 82}, {"name": "Paulinho", "size": 81}, {"name": "Giuliano", "size": 81}, {"name": "Dante", "size": 81}, {"name": "Gabriel Jesus", "size": 81}, {"name": "Rafinha", "size": 81}, {"name": "Felipe Anderson", "size": 81}, {"name": "Malcom", "size": 81}, {"name": "Jardel", "size": 80}, {"name": "Renato Augusto", "size": 80}, {"name": "Maicon", "size": 80}, {"name": "Sidnei", "size": 80}, {"name": "Eric Botteghin", "size": 80}, {"name": "Ganso", "size": 80}, {"name": "Kak\u00e1", "size": 80}, {"name": "Leo Baptistao", "size": 80}, {"name": "Neto", "size": 80}, {"name": "Luiz Gustavo", "size": 80}, {"name": "Jemerson", "size": 80}, {"name": "Allan", "size": 80}, {"name": "Alisson", "size": 80}, {"name": "Fred", "size": 80}, {"name": "Alex Telles", "size": 80}, {"name": "Mariano", "size": 79}, {"name": "Marcelo", "size": 79}, {"name": "Luis\u00e3o", "size": 79}, {"name": "Anderson Talisca", "size": 79}, {"name": "Maur\u00edcio", "size": 79}, {"name": "Jonathas", "size": 79}, {"name": "Jonathas", "size": 79}, {"name": "Gabriel Paulista", "size": 79}, {"name": "Soares", "size": 79}, {"name": "Lucas Leiva", "size": 79}, {"name": "Danilo", "size": 79}, {"name": "Bernard", "size": 79}, {"name": "Fernando", "size": 79}, {"name": "Ismaily", "size": 78}, {"name": "Ismaily", "size": 78}, {"name": "Jo\u00e3ozinho", "size": 78}, {"name": "Rafael", "size": 78}, {"name": "Rafinha", "size": 78}, {"name": "Adriano", "size": 78}, {"name": "Rafael", "size": 78}, {"name": "Hilton", "size": 78}, {"name": "Danilo", "size": 78}, {"name": "Danilo", "size": 78}, {"name": "Ra\u00fal", "size": 78}, {"name": "Souza", "size": 78}, {"name": "Tiago Volpi", "size": 78}, {"name": "Tiago Volpi", "size": 78}, {"name": "Everticinho", "size": 77}, {"name": "Dalbert", "size": 77}, {"name": "Pedro Henrique", "size": 77}, {"name": "Louri Beretta", "size": 77}, {"name": "Wendell", "size": 77}, {"name": "Rafael Carioca", "size": 77}, {"name": "Claudio Co\u00edntra", "size": 77}, {"name": "Ot\u00e1vio", "size": 77}, {"name": "Bruno C\u00e9sar", "size": 77}, {"name": "Vitinho", "size": 77}, {"name": "Ari", "size": 77}, {"name": "Cast\u00e1n", "size": 77}, {"name": "Vitor Hugo", "size": 77}, {"name": "Formosandrinho", "size": 77}, {"name": "Marcelo", "size": 77}, {"name": "Raphaelito Anjos", "size": 77}, {"name": "Andreas Pereira", "size": 77}, {"name": "Sidney Pessinho", "size": 77}, {"name": "Rafael Tol\u00f3i", "size": 77}, {"name": "Ronaldo Esler", "size": 77}, {"name": "Gazzolisco", "size": 77}, {"name": "Wallace", "size": 77}, {"name": "Mar\u00e7al", "size": 77}, {"name": "Juan Jesus", "size": 77}, {"name": "Maic\u00f3n", "size": 76}, {"name": "Welington Dano", "size": 76}, {"name": "Laure Santeiro", "size": 76}, {"name": "Matheus", "size": 76}, {"name": "Matheus", "size": 76}, {"name": "Gabri Prest\u00e3o", "size": 76}, {"name": "Maur\u00edcio", "size": 76}, {"name": "Fred An\u00edb\u00e3o", "size": 76}, {"name": "Nelsildo Reis", "size": 76}, {"name": "Thiago Maia", "size": 76}, {"name": "Raphinha", "size": 76}, {"name": "Dyego Sousa", "size": 76}, {"name": "Vieirundinho", "size": 76}, {"name": "Wanderson", "size": 76}, {"name": "Ot\u00e1vio", "size": 76}, {"name": "Diego Carlos", "size": 76}, {"name": "Baiano", "size": 76}, {"name": "Mossor\u00f3", "size": 76}, {"name": "Alan Patrick", "size": 76}, {"name": "Seb\u00e1", "size": 76}, {"name": "David Seijalbo", "size": 76}, {"name": "Ant\u00f4nio Chiamuloira", "size": 76}, {"name": "Rodrigo Moledo", "size": 76}, {"name": "Carlos Eduardo", "size": 76}, {"name": "Rosberto Dourado", "size": 76}, {"name": "Eltildo Correia", "size": 76}, {"name": "Guilherme", "size": 76}, {"name": "Ronaldo Cabrais", "size": 76}, {"name": "D\u00eanildo Stein", "size": 76}, {"name": "Michel Macedo", "size": 76}, {"name": "Everton Andr\u00e3o", "size": 76}, {"name": "Dani Rochelinhas", "size": 75}, {"name": "Fernand\u00e3o", "size": 75}, {"name": "Melvin Parrela", "size": 75}, {"name": "Nicholas Aldair", "size": 75}, {"name": "Jorginhson", "size": 75}, {"name": "Ka\u00edqu\u00e3o Castro", "size": 75}, {"name": "Sandro", "size": 75}, {"name": "Diego \u00c2ngelo", "size": 75}, {"name": "Rafael Cachoira", "size": 75}, {"name": "Douglas Santos", "size": 75}, {"name": "Welthon", "size": 75}, {"name": "Mattheus Oliveira", "size": 75}, {"name": "Davi Parrela", "size": 75}, {"name": "Djavan", "size": 75}, {"name": "Frans\u00e9rgio", "size": 75}, {"name": "Lafortiscinho", "size": 75}, {"name": "Andeson Trigo", "size": 75}, {"name": "Titi", "size": 75}, {"name": "Kaimo Lima", "size": 75}, {"name": "Renato Neto", "size": 75}, {"name": "Victildinho", "size": 75}, {"name": "Caiuby", "size": 75}, {"name": "Gabrisco An\u00edbal", "size": 75}, {"name": "Alexo Baia", "size": 75}, {"name": "Silas Almeim", "size": 75}, {"name": "Gabriel", "size": 75}, {"name": "Fabrio Farinha", "size": 75}, {"name": "Felipe", "size": 75}, {"name": "Sim\u00e3o Donatinho", "size": 75}, {"name": "Jefferson", "size": 75}, {"name": "Douglas", "size": 75}, {"name": "Sim\u00e3o Acunha", "size": 75}, {"name": "Ot\u00e1vio Cairinho", "size": 75}, {"name": "Caio Nunson", "size": 75}, {"name": "Juli Freitinho", "size": 75}, {"name": "C\u00e1ssio", "size": 75}, {"name": "Leonardo", "size": 75}, {"name": "Rafael", "size": 75}, {"name": "Luimo Boas Santos", "size": 75}, {"name": "Allan Bardinho", "size": 75}, {"name": "Adilson Edrada", "size": 75}, {"name": "Naldo", "size": 75}, {"name": "Ailton Guevara", "size": 75}, {"name": "Matheus Pereira", "size": 74}, {"name": "Dentinho", "size": 74}, {"name": "Marcelo Goiano", "size": 74}, {"name": "Victorino Magela", "size": 74}, {"name": "Adrianiscito", "size": 74}, {"name": "Thiago Mendes", "size": 74}]}, {"name": "Uruguay", "children": [{"name": "L. Su\u00e1rez", "size": 92}, {"name": "D. God\u00edn", "size": 88}, {"name": "E. Cavani", "size": 87}, {"name": "J. Gim\u00e9nez", "size": 83}, {"name": "F. Muslera", "size": 82}, {"name": "S. Coates", "size": 81}, {"name": "M. Campa\u00f1a", "size": 79}, {"name": "N. Lodeiro", "size": 78}, {"name": "M. Vecino", "size": 78}, {"name": "G. Ram\u00edrez", "size": 78}, {"name": "D. Laxalt", "size": 78}, {"name": "D. Laxalt", "size": 78}, {"name": "M. Lemos", "size": 77}, {"name": "C. S\u00e1nchez", "size": 77}, {"name": "M. C\u00e1ceres", "size": 77}, {"name": "M. C\u00e1ceres", "size": 77}, {"name": "C. Stuani", "size": 77}, {"name": "D. Rol\u00e1n", "size": 77}, {"name": "S. Crist\u00f3foro", "size": 76}, {"name": "G. Pereiro", "size": 76}, {"name": "B. Fornaroli", "size": 76}, {"name": "M. Pereyra", "size": 76}, {"name": "C. Rodr\u00edguez", "size": 75}, {"name": "M. Britos", "size": 75}, {"name": "S. Garc\u00eda", "size": 75}, {"name": "S. Sosa", "size": 75}, {"name": "G. Castro", "size": 75}, {"name": "M. Britos", "size": 75}, {"name": "L. Torreira", "size": 75}, {"name": "A. Hern\u00e1ndez", "size": 75}]}, {"name": "Chile", "children": [{"name": "A. S\u00e1nchez", "size": 89}, {"name": "A. Vidal", "size": 87}, {"name": "C. Bravo", "size": 82}, {"name": "G. Medel", "size": 82}, {"name": "F. Orellana", "size": 80}, {"name": "F. Orellana", "size": 80}, {"name": "M. D\u00edaz", "size": 80}, {"name": "P. Hern\u00e1ndez", "size": 80}, {"name": "M. Fern\u00e1ndez", "size": 78}, {"name": "C. Ar\u00e1nguiz", "size": 78}, {"name": "C. Ar\u00e1nguiz", "size": 78}, {"name": "N. Castillo", "size": 76}, {"name": "E. Paredes", "size": 76}, {"name": "G. Morenda", "size": 76}, {"name": "E. Puch", "size": 76}, {"name": "M. Isla", "size": 76}, {"name": "C. Toselli", "size": 75}, {"name": "F. Mora", "size": 75}, {"name": "J. Beausejour", "size": 75}, {"name": "G. Jara", "size": 75}, {"name": "E. Vargas", "size": 75}, {"name": "C. Villanueva", "size": 75}, {"name": "E. Roco", "size": 75}, {"name": "J. Fernandes", "size": 74}]}, {"name": "Colombia", "children": [{"name": "J. Rodr\u00edguez", "size": 86}, {"name": "Falcao", "size": 84}, {"name": "J. Cuadrado", "size": 82}, {"name": "C. Bacca", "size": 82}, {"name": "D. S\u00e1nchez", "size": 81}, {"name": "L. Muriel", "size": 80}, {"name": "D. Ospina", "size": 79}, {"name": "J. Murillo", "size": 79}, {"name": "T. Guti\u00e9rrez", "size": 78}, {"name": "J. Izquierdo", "size": 78}, {"name": "A. Ramos", "size": 78}, {"name": "D. Zapata", "size": 78}, {"name": "J. C\u00f3rdoba", "size": 77}, {"name": "D. Pab\u00f3n", "size": 77}, {"name": "Y. Char\u00e1", "size": 77}, {"name": "J. Quintero", "size": 77}, {"name": "C. S\u00e1nchez", "size": 77}, {"name": "D. Torres", "size": 77}, {"name": "S. Arias", "size": 77}, {"name": "S. Arias", "size": 77}, {"name": "D. Moreno", "size": 76}, {"name": "F. Montero", "size": 76}, {"name": "B. Espinosa", "size": 76}, {"name": "A. Hurtado", "size": 76}, {"name": "A. Hurtado", "size": 76}, {"name": "O. Murillo", "size": 76}, {"name": "E. Balanta", "size": 76}, {"name": "F. Fabra", "size": 76}, {"name": "M. Torres", "size": 76}, {"name": "A. Mej\u00eda", "size": 76}, {"name": "W. Tesillo", "size": 75}, {"name": "S. P\u00e9rez", "size": 75}, {"name": "A. Aguilar", "size": 75}, {"name": "G. Celis", "size": 75}, {"name": "R. Borr\u00e9", "size": 75}, {"name": "C. Marrugo", "size": 75}, {"name": "F. Castillo", "size": 75}, {"name": "J. Lerma", "size": 75}, {"name": "C. Vargas", "size": 75}, {"name": "F. Pardo", "size": 75}, {"name": "A. Ibarg\u00fcen", "size": 75}]}, {"name": "Ecuador", "children": [{"name": "A. Valencia", "size": 83}, {"name": "C. Noboa", "size": 79}, {"name": "F. Caicedo", "size": 77}, {"name": "E. Valencia", "size": 76}]}, {"name": "Venezuela", "children": [{"name": "S. Rond\u00f3n", "size": 80}, {"name": "J. Mart\u00ednez", "size": 78}, {"name": "R. Rosales", "size": 77}, {"name": "T. Rinc\u00f3n", "size": 77}, {"name": "J. A\u00f1or", "size": 76}, {"name": "V. Garc\u00eda", "size": 76}, {"name": "G. Rivas", "size": 75}, {"name": "Dani Hern\u00e1ndez", "size": 75}, {"name": "A. Pe\u00f1aranda", "size": 75}, {"name": "F. Amorebieta", "size": 75}]}, {"name": "Paraguay", "children": [{"name": "H. P\u00e9rez", "size": 79}, {"name": "M. Almir\u00f3n", "size": 79}, {"name": "R. Bobadilla", "size": 78}, {"name": "A. Sanabria", "size": 78}, {"name": "P. Aguilar", "size": 76}, {"name": "O. Romero", "size": 76}, {"name": "C. Ort\u00edz", "size": 76}, {"name": "J. Iturbe", "size": 76}, {"name": "C. Riveros", "size": 76}, {"name": "I. Piris", "size": 75}, {"name": "D. Gonz\u00e1lez", "size": 75}, {"name": "G. G\u00f3mez", "size": 75}]}, {"name": "Peru", "children": [{"name": "J. Farf\u00e1n", "size": 78}, {"name": "A. Carrillo", "size": 77}, {"name": "P. Hurtado", "size": 76}, {"name": "R. Ruid\u00edaz", "size": 76}, {"name": "P. Gallese", "size": 74}]}, {"name": "Bolivia", "children": [{"name": "M. Martins", "size": 75}]}]}, {"name": "Africa", "children": [{"name": "Gabon", "children": [{"name": "P. Aubameyang", "size": 88}, {"name": "M. Lemina", "size": 77}]}, {"name": "Senegal", "children": [{"name": "K. Koulibaly", "size": 84}, {"name": "S. Man\u00e9", "size": 84}, {"name": "I. Gueye", "size": 83}, {"name": "K. Bald\u00e9 Diao", "size": 82}, {"name": "S. San\u00e9", "size": 79}, {"name": "K. Mbodj", "size": 78}, {"name": "K. Mbodj", "size": 78}, {"name": "A. N'Diaye", "size": 78}, {"name": "M. Diouf", "size": 77}, {"name": "L. San\u00e9", "size": 77}, {"name": "Y. Sankhar\u00e9", "size": 77}, {"name": "C. Kouyat\u00e9", "size": 77}, {"name": "H. Saivet", "size": 77}, {"name": "Badou Ndiaye", "size": 77}, {"name": "C. N'Doye", "size": 76}, {"name": "P. Djilobodji", "size": 76}, {"name": "K. Babacar", "size": 76}, {"name": "P. Diop", "size": 76}, {"name": "O. Niasse", "size": 75}, {"name": "D. Sakho", "size": 75}]}, {"name": "Morocco", "children": [{"name": "M. Benatia", "size": 84}, {"name": "Y. Belhanda", "size": 81}, {"name": "H. Ziyech", "size": 81}, {"name": "K. El Ahmadi", "size": 80}, {"name": "N. Amrabat", "size": 79}, {"name": "S. Boufal", "size": 79}, {"name": "Z. Feddal", "size": 77}, {"name": "M. Carcela-Gonz\u00e1lez", "size": 77}, {"name": "R. Sa\u00efss", "size": 76}, {"name": "A. Chahechouhe", "size": 76}, {"name": "A. Regattin", "size": 76}, {"name": "N. Dirar", "size": 76}, {"name": "Y. Ayoub", "size": 76}, {"name": "Z. Labyad", "size": 75}, {"name": "N. El Zhar", "size": 75}, {"name": "F. Fajr", "size": 75}, {"name": "O. Tannane", "size": 74}]}, {"name": "Ivory Coast", "children": [{"name": "E. Bailly", "size": 84}, {"name": "Y. Tour\u00e9", "size": 83}, {"name": "J. Seri", "size": 82}, {"name": "S. Aurier", "size": 81}, {"name": "W. Zaha", "size": 81}, {"name": "S. Kalou", "size": 80}, {"name": "Gervinho", "size": 79}, {"name": "Gervinho", "size": 79}, {"name": "S. Doumbia", "size": 79}, {"name": "W. Bony", "size": 79}, {"name": "M. Gradel", "size": 77}, {"name": "J. Gnagnon", "size": 76}, {"name": "I. Traor\u00e9", "size": 76}, {"name": "Serey Di\u00e9", "size": 76}, {"name": "F. Kessi\u00e9", "size": 76}, {"name": "L. Kon\u00e9", "size": 76}, {"name": "G. Konan", "size": 75}, {"name": "J. Kodjia", "size": 75}, {"name": "K. Djidji", "size": 75}, {"name": "G. Sio", "size": 75}, {"name": "S. Fofana", "size": 75}, {"name": "J. Gbamin", "size": 75}, {"name": "L. Traor\u00e9", "size": 74}]}, {"name": "Cameroon", "children": [{"name": "J. Matip", "size": 83}, {"name": "S. Eto'o", "size": 81}, {"name": "C. Kameni", "size": 80}, {"name": "A. Onana", "size": 78}, {"name": "A. Onana", "size": 78}, {"name": "V. Aboubakar", "size": 78}, {"name": "N. Nkoulou", "size": 78}, {"name": "V. Aboubakar", "size": 78}, {"name": "A. Nyom", "size": 77}, {"name": "A. Chedjou", "size": 77}, {"name": "E. Choupo-Moting", "size": 77}, {"name": "B. Moukandjo", "size": 77}, {"name": "K. Toko-Ekambi", "size": 76}, {"name": "M. Matip", "size": 76}, {"name": "I. Amadou", "size": 75}]}, {"name": "Egypt", "children": [{"name": "M. Salah", "size": 83}, {"name": "M. Elneny", "size": 77}, {"name": "A. Hassan", "size": 75}, {"name": "Kahraba", "size": 75}]}, {"name": "Algeria", "children": [{"name": "R. Mahrez", "size": 83}, {"name": "I. Slimani", "size": 82}, {"name": "Y. Brahimi", "size": 82}, {"name": "R. Boudebouz", "size": 81}, {"name": "N. Bentaleb", "size": 80}, {"name": "S. Feghouli", "size": 79}, {"name": "F. Ghoulam", "size": 79}, {"name": "A. Mandi", "size": 78}, {"name": "A. Mandi", "size": 78}, {"name": "S. Hanni", "size": 77}, {"name": "R. Ghezzal", "size": 76}, {"name": "Y. Benzia", "size": 76}, {"name": "I. Belfodil", "size": 75}, {"name": "L. Cadamuro", "size": 75}, {"name": "R. Bensebaini", "size": 75}, {"name": "S. Ta\u00efder", "size": 75}]}, {"name": "Guinea", "children": [{"name": "N. Ke\u00efta", "size": 83}, {"name": "I. Traor\u00e9", "size": 80}, {"name": "A. Diawara", "size": 77}, {"name": "F. Pogba", "size": 77}, {"name": "F. Kamano", "size": 75}]}, {"name": "Kenya", "children": [{"name": "V. Wanyama", "size": 82}]}, {"name": "Ghana", "children": [{"name": "K. Boateng", "size": 80}, {"name": "A. Gyan", "size": 79}, {"name": "A. Ayew", "size": 79}, {"name": "K. Asamoah", "size": 78}, {"name": "A. Baba", "size": 77}, {"name": "T. Partey", "size": 77}, {"name": "A. Duncan", "size": 76}, {"name": "C. Atsu", "size": 76}, {"name": "J. Ayew", "size": 76}, {"name": "D. Amartey", "size": 75}, {"name": "G. Donsah", "size": 75}, {"name": "N. Asare", "size": 75}, {"name": "M. Wakaso", "size": 75}, {"name": "A. Wakaso", "size": 75}, {"name": "E. Badu", "size": 75}]}, {"name": "Nigeria", "children": [{"name": "V. Moses", "size": 79}, {"name": "O. Ndidi", "size": 77}, {"name": "A. Musa", "size": 76}, {"name": "K. Iheanacho", "size": 75}, {"name": "E. Emenike", "size": 75}, {"name": "L. Balogun", "size": 75}, {"name": "I. Ezekiel", "size": 75}, {"name": "H. Onyekuru", "size": 75}, {"name": "A. Umar", "size": 75}, {"name": "M. Agu", "size": 75}, {"name": "O. Onazi", "size": 74}]}, {"name": "Burkina Faso", "children": [{"name": "B. Traor\u00e9", "size": 79}, {"name": "C. Kabor\u00e9", "size": 77}, {"name": "P. Nakoulma", "size": 75}, {"name": "B. Kon\u00e9", "size": 75}]}, {"name": "Cape Verde", "children": [{"name": "Z\u00e9 Lu\u00eds", "size": 79}, {"name": "Varela", "size": 75}, {"name": "Garry Rodrigues", "size": 75}]}, {"name": "DR Congo", "children": [{"name": "Y. Bolasie", "size": 78}, {"name": "C. Mbemba", "size": 76}, {"name": "G. Kakuta", "size": 76}, {"name": "A. Masuaku", "size": 75}, {"name": "N. Kebano", "size": 74}]}, {"name": "South Africa", "children": [{"name": "I. Khune", "size": 77}, {"name": "P. Tau", "size": 76}, {"name": "S. Tshabalala", "size": 76}, {"name": "T. Hlatshwayo", "size": 75}, {"name": "B. Zungu", "size": 75}, {"name": "T. Matlaba", "size": 74}]}, {"name": "Mozambique", "children": [{"name": "Mexer", "size": 77}]}, {"name": "Tunisia", "children": [{"name": "A. Abdennour", "size": 77}, {"name": "Y. Benalouane", "size": 75}]}, {"name": "Angola", "children": [{"name": "Bastos", "size": 77}]}, {"name": "Mali", "children": [{"name": "M. Marega", "size": 77}, {"name": "M. Wagu\u00e9", "size": 74}, {"name": "A. Niane", "size": 74}]}, {"name": "Benin", "children": [{"name": "S. Mouni\u00e9", "size": 76}, {"name": "S. Sess\u00e8gnon", "size": 75}]}, {"name": "Sierra Leone", "children": [{"name": "K. Kamara", "size": 74}]}]}, {"name": "North America", "children": [{"name": "Costa Rica", "children": [{"name": "K. Navas", "size": 85}, {"name": "J. Campbell", "size": 77}, {"name": "O. Duarte", "size": 77}, {"name": "G. Gonz\u00e1lez", "size": 75}]}, {"name": "Mexico", "children": [{"name": "C. Vela", "size": 82}, {"name": "J. Hern\u00e1ndez", "size": 82}, {"name": "J. Corona", "size": 81}, {"name": "J. dos Santos", "size": 80}, {"name": "H. Moreno", "size": 80}, {"name": "A. Guardado", "size": 80}, {"name": "M. Fabi\u00e1n", "size": 79}, {"name": "H. Herrera", "size": 79}, {"name": "G. Ochoa", "size": 79}, {"name": "G. dos Santos", "size": 79}, {"name": "R. Jim\u00e9nez", "size": 78}, {"name": "M. Lay\u00fan", "size": 78}, {"name": "H. Lozano", "size": 78}, {"name": "E. Hern\u00e1ndez", "size": 77}, {"name": "D. Reyes", "size": 77}, {"name": "J. Aquino", "size": 77}, {"name": "E. Guti\u00e9rrez", "size": 76}, {"name": "J. Damm", "size": 76}, {"name": "O. Peralta", "size": 76}, {"name": "J. Corona", "size": 76}, {"name": "J. Orozco", "size": 76}, {"name": "J. V\u00e1zquez", "size": 76}, {"name": "P. Aguilar", "size": 76}, {"name": "A. Pulido", "size": 75}, {"name": "J. Due\u00f1as", "size": 75}, {"name": "H. Ayala", "size": 75}, {"name": "O. Pineda", "size": 75}, {"name": "I. Brizuela", "size": 75}, {"name": "J. Hern\u00e1ndez", "size": 75}, {"name": "R. Pizarro", "size": 75}, {"name": "A. R\u00edos", "size": 74}]}, {"name": "Canada", "children": [{"name": "A. Hutchinson", "size": 80}]}, {"name": "United States", "children": [{"name": "J. Brooks", "size": 80}, {"name": "F. Johnson", "size": 79}, {"name": "M. Bradley", "size": 78}, {"name": "T. Howard", "size": 78}, {"name": "C. Pulisic", "size": 78}, {"name": "C. Pulisic", "size": 78}, {"name": "C. Dempsey", "size": 78}, {"name": "G. Cameron", "size": 76}, {"name": "T. Chandler", "size": 76}, {"name": "J. Altidore", "size": 76}, {"name": "D. Nagbe", "size": 75}, {"name": "B. Wood", "size": 75}, {"name": "S. Kljestan", "size": 75}]}, {"name": "Cuba", "children": [{"name": "O. Alonso", "size": 77}]}, {"name": "Jamaica", "children": [{"name": "W. Morgan", "size": 77}, {"name": "L. Bailey", "size": 76}, {"name": "A. Blake", "size": 75}]}, {"name": "Dominican Republic", "children": [{"name": "Mariano", "size": 76}]}]}, {"name": "Asia", "children": [{"name": "Japan", "children": [{"name": "S. Kagawa", "size": 83}, {"name": "T. Inui", "size": 78}, {"name": "K. Honda", "size": 78}, {"name": "Y. \u014csako", "size": 77}, {"name": "M. Hasebe", "size": 77}, {"name": "S. Okazaki", "size": 77}, {"name": "H. Kiyotake", "size": 76}, {"name": "Y. Mut\u014d", "size": 76}, {"name": "G. Shibasaki", "size": 75}, {"name": "M. Yoshida", "size": 75}, {"name": "G. Haraguchi", "size": 75}, {"name": "Y. Kubo", "size": 75}, {"name": "H. Sakai", "size": 75}]}, {"name": "Turkey", "children": [{"name": "O. Toprak", "size": 83}, {"name": "A. Turan", "size": 82}, {"name": "M. Topal", "size": 80}, {"name": "O. \u00d6zyakup", "size": 80}, {"name": "Y. Mall\u0131", "size": 79}, {"name": "V. Babacan", "size": 79}, {"name": "E. \u00c7olak", "size": 79}, {"name": "N. \u015eahin", "size": 79}, {"name": "E. Bel\u00f6zo\u011flu", "size": 79}, {"name": "H. \u00c7alhano\u011flu", "size": 79}, {"name": "B. Y\u0131lmaz", "size": 78}, {"name": "C. Tosun", "size": 78}, {"name": "M. Ekici", "size": 77}, {"name": "T. Arslan", "size": 77}, {"name": "A. Potuk", "size": 77}, {"name": "O. K\u0131vrak", "size": 77}, {"name": "O. Tufan", "size": 76}, {"name": "C. Erkin", "size": 76}, {"name": "S. \u0130nan", "size": 76}, {"name": "V. Demirel", "size": 76}, {"name": "A. Sulu", "size": 76}, {"name": "H. Kald\u0131r\u0131m", "size": 75}, {"name": "V. \u015een", "size": 75}, {"name": "H. Tekin", "size": 75}, {"name": "S. \u00d6zbayrakl\u0131", "size": 75}, {"name": "D. T\u00fcr\u00fc\u00e7", "size": 75}, {"name": "O. \u015eahiner", "size": 75}, {"name": "S. G\u00fcrler", "size": 75}, {"name": "O. Yoku\u015flu", "size": 75}, {"name": "M. \u00c7a\u011f\u0131ran", "size": 74}, {"name": "H. Balta", "size": 74}, {"name": "U. Demirok", "size": 74}, {"name": "C. S\u00f6y\u00fcnc\u00fc", "size": 74}]}, {"name": "Korea Republic", "children": [{"name": "H. Son", "size": 82}, {"name": "Koo Ja Cheol", "size": 76}]}, {"name": "Russia", "children": [{"name": "M\u00e1rio Fernandes", "size": 81}, {"name": "A. Dzagoev", "size": 80}, {"name": "O. Shatov", "size": 80}, {"name": "F. Smolov", "size": 80}, {"name": "I. Smolnikov", "size": 79}, {"name": "A. Samedov", "size": 79}, {"name": "V. Berezutskiy", "size": 79}, {"name": "I. Akinfeev", "size": 79}, {"name": "I. Denisov", "size": 79}, {"name": "S. Kritsyuk", "size": 79}, {"name": "A. Kokorin", "size": 79}, {"name": "D. Cheryshev", "size": 78}, {"name": "D. Cheryshev", "size": 78}, {"name": "A. Dzyuba", "size": 78}, {"name": "D. Glushakov", "size": 78}, {"name": "Guilherme", "size": 78}, {"name": "S. Ignashevich", "size": 78}, {"name": "Guilherme", "size": 78}, {"name": "A. Lunev", "size": 78}, {"name": "S. Ryzhikov", "size": 78}, {"name": "A. Berezutskiy", "size": 77}, {"name": "R. Zobnin", "size": 77}, {"name": "A. Belenov", "size": 77}, {"name": "A. Kasaev", "size": 76}, {"name": "Y. Zhirkov", "size": 76}, {"name": "A. Golovin", "size": 76}, {"name": "D. Tarasov", "size": 76}, {"name": "Y. Lodygin", "size": 76}, {"name": "R. Yanbaev", "size": 76}, {"name": "M. Kerzhakov", "size": 76}, {"name": "A. Eschenko", "size": 75}, {"name": "R. Shishkin", "size": 75}, {"name": "O. Ivanov", "size": 75}, {"name": "D. Poloz", "size": 75}, {"name": "S. Dzhanaev", "size": 75}, {"name": "Y. Gazinskiy", "size": 75}, {"name": "G. Dzhikiya", "size": 75}, {"name": "G. Schennikov", "size": 75}, {"name": "A. Selikhov", "size": 74}, {"name": "A. Selikhov", "size": 74}]}, {"name": "Uzbekistan", "children": [{"name": "V. Denisov", "size": 80}]}, {"name": "Syria", "children": [{"name": "O. Al Soma", "size": 78}, {"name": "O. Al Soma", "size": 78}, {"name": "O. Kharbin", "size": 75}]}, {"name": "Iran", "children": [{"name": "S. Azmoun", "size": 77}, {"name": "A. Jahanbakhsh", "size": 75}]}, {"name": "Saudi Arabia", "children": [{"name": "N. Al Abed", "size": 76}, {"name": "O. Hawsawi", "size": 75}, {"name": "T. Al Jassam", "size": 74}, {"name": "Y. Al Shahrani", "size": 74}]}, {"name": "China PR", "children": [{"name": "Zheng Zhi", "size": 76}]}, {"name": "Israel", "children": [{"name": "M. Dabbur", "size": 76}, {"name": "B. Natcho", "size": 76}, {"name": "B. Natcho", "size": 76}, {"name": "L. Refaelov", "size": 75}, {"name": "A. Cohen", "size": 75}]}]}, {"name": "Australia Oceania", "children": [{"name": "New Zealand", "children": [{"name": "W. Reid", "size": 79}, {"name": "C. Wood", "size": 75}]}, {"name": "Australia", "children": [{"name": "B. Jones", "size": 77}, {"name": "A. Mooy", "size": 77}, {"name": "M. Ryan", "size": 77}]}]}]}